id,sentence,label
0,홍대 날씨가 오늘 맑은가요?,6
1,홍익대학교 날씨가 지금 맑은가요?,6
2,홍익대학교 날씨가 맑은지 알고 싶어요.,6
3,홍대 오늘 날씨가 맑은가요?,6
4,홍익대학교 오늘 날씨가 맑은지 궁금해요.,6
5,홍대 날씨가 맑은지 궁금해요.,6
6,홍익대학교 날씨가 맑은지 알고 싶어요.,6
7,홍대 오늘 날씨가 맑은지 알려주세요.,6
8,홍익대학교 오늘 날씨가 맑은가요?,6
9,홍익대학교 날씨가 지금 맑은지 궁금해요.,6
10,홍대 날씨가 맑은지 지금 확인해줄래요?,6
11,오늘 홍대 날씨가 맑은지 확인해줄래요?,6
12,홍익대학교 날씨가 오늘 맑은지 아세요?,6
13,지금 홍대 날씨가 맑은지 궁금해요.,6
14,홍익대학교 날씨가 맑은지 지금 알아봐줄래요?,6
15,홍대 근처 오늘 날씨가 맑은가요?,6
16,오늘 홍대 날씨가 맑은지 알아봐줄래요?,6
17,홍익대학교 오늘 날씨가 맑은지 확인해줄래요?,6
18,지금 홍대 날씨가 맑은지 아세요?,6
19,오늘 홍익대학교 날씨가 맑은지 알려주세요.,6
20,홍익대학교 오늘 날씨가 맑은지 아세요?,6
21,홍대 오늘 날씨가 맑은지 알고 싶어요.,6
22,오늘 홍대 날씨가 맑은지 확인해보셨나요?,6
23,홍익대학교 날씨가 맑은지 지금 알아볼 수 있나요?,6
24,홍대 날씨가 오늘 맑은지 확인해줄 수 있나요?,6
25,오늘 홍익대학교 날씨가 맑은지 알고 싶어요.,6
26,홍대 오늘 날씨가 맑은지 알아볼 수 있을까요?,6
27,홍익대학교 오늘 날씨가 맑은지 지금 알려주세요.,6
28,홍대 근처 날씨가 오늘 맑은지 궁금해요.,6
29,홍대 날씨가 맑은지 지금 아세요?,6
30,홍익대학교 오늘 날씨가 맑은지 궁금해요.,6
31,오늘 홍대 날씨가 맑은지 아시나요?,6
32,홍대 날씨가 맑은지 지금 확인해줄래?,6
33,오늘 홍익대학교 날씨가 맑은지 아세요?,6
34,지금 홍익대학교 날씨가 맑은지 알고 싶어요.,6
35,홍대 근처 날씨가 맑은지 아시나요?,6
36,홍대 오늘 날씨가 맑은지 알려줄 수 있나요?,6
37,홍익대학교 오늘 날씨가 맑은지 아시나요?,6
38,홍대 날씨가 오늘 맑은지 지금 알려줄래요?,6
39,오늘 홍익대학교 날씨가 맑은지 알아볼 수 있나요?,6
40,홍익대학교 날씨가 맑은지 지금 알고 싶어요.,6
41,홍대 근처 오늘 날씨가 맑은지 아시나요?,6
42,오늘 홍대 날씨가 맑은지 확인할 수 있나요?,6
43,홍대 날씨가 맑은지 지금 아시나요?,6
44,홍익대학교 오늘 날씨가 맑은지 알려줄래요?,6
45,지금 홍익대학교 날씨가 맑은지 확인해줄래요?,6
46,오늘 홍대 날씨가 맑은지 알려줄래요?,6
47,홍대 날씨가 맑은지 지금 확인해줄 수 있나요?,6
48,홍익대학교 날씨가 오늘 맑은지 아시나요?,6
49,지금 홍대 날씨가 맑은지 알고 싶어요.,6
50,홍익대학교 오늘 날씨가 맑은지 지금 확인해줄래요?,6
51,홍대 오늘 날씨가 맑은지 아시나요?,6
52,오늘 홍대 날씨가 맑은지 알고 싶어요.,6
53,홍익대학교 날씨가 맑은지 지금 알아볼 수 있나요?,6
54,오늘 홍대 날씨가 맑은지 지금 확인해줄 수 있나요?,6
55,홍익대학교 날씨가 오늘 맑은지 지금 아세요?,6
56,홍대 날씨가 맑은지 지금 확인해줄 수 있을까요?,6
57,오늘 홍익대학교 날씨가 맑은지 알려줄 수 있나요?,6
58,지금 홍대 날씨가 맑은지 알아봐줄 수 있나요?,6
59,오늘 홍대 날씨가 맑은지 지금 알려줄래요?,6
60,홍익대학교 날씨가 맑은지 지금 알고 싶어요.,6
61,홍대 근처 오늘 날씨가 맑은지 지금 아시나요?,6
62,홍대 날씨가 오늘 맑은지 지금 알아봐줄래요?,6
63,오늘 홍익대학교 날씨가 맑은지 지금 확인할 수 있나요?,6
64,홍대 오늘 날씨가 맑은지 지금 아시나요?,6
65,지금 홍익대학교 날씨가 맑은지 확인해줄 수 있나요?,6
66,홍대 날씨가 오늘 맑은지 지금 알려줄 수 있나요?,6
67,오늘 홍대 날씨가 맑은지 지금 알아볼 수 있나요?,6
68,홍익대학교 날씨가 오늘 맑은지 아세요?,6
69,홍대 근처 오늘 날씨가 맑은지 지금 알려줄 수 있나요?,6
70,홍대 날씨가 오늘 맑은지 지금 확인해줄래요?,6
71,홍익대학교 날씨가 맑은지 지금 확인해줄래요?,6
72,홍대 날씨가 오늘 맑은지 지금 아세요?,6
73,오늘 홍대 날씨가 맑은지 지금 확인해줄 수 있을까요?,6
74,홍익대학교 오늘 날씨가 맑은지 지금 알고 싶어요.,6
75,홍대 날씨가 맑은지 지금 확인해줄 수 있나요?,6
76,오늘 홍익대학교 날씨가 맑은지 지금 알아봐줄래요?,6
77,홍대 오늘 날씨가 맑은지 지금 알고 싶어요.,6
78,지금 홍대 날씨가 맑은지 확인해줄 수 있나요?,6
79,홍익대학교 날씨가 오늘 맑은지 지금 확인해줄 수 있나요?,6
80,홍대 근처 날씨가 오늘 맑은지 지금 알려줄래요?,6
81,오늘 홍대 날씨가 맑은지 지금 확인해줄래요?,6
82,홍대 날씨가 맑은지 지금 알고 싶어요.,6
83,홍익대학교 오늘 날씨가 맑은지 지금 확인해줄래요?,6
84,홍대 날씨가 오늘 맑은지 지금 알려줄래요?,6
85,홍대 날씨가 맑은지 지금 확인해줄 수 있을까요?,6
86,오늘 홍익대학교 날씨가 맑은지 지금 알고 싶어요.,6
87,홍대 오늘 날씨가 맑은지 지금 확인해줄 수 있나요?,6
88,홍익대학교 날씨가 맑은지 지금 알아봐줄 수 있나요?,6
89,오늘 홍대 날씨가 맑은지 지금 알고 싶어요.,6
90,홍대 근처 날씨가 오늘 맑은지 지금 아세요?,6
91,오늘 홍익대학교 날씨가 맑은지 지금 확인해줄래요?,6
92,홍대 날씨가 오늘 맑은지 지금 알고 싶어요.,6
93,지금 홍대 날씨가 맑은지 확인해줄래요?,6
94,오늘 홍대 날씨가 맑은지 지금 알아봐줄래요?,6
95,홍익대학교 날씨가 맑은지 지금 알고 싶어요.,6
96,홍대 오늘 날씨가 맑은지 지금 확인해줄 수 있나요?,6
97,오늘 홍대 날씨가 맑은지 지금 알려줄래요?,6
98,홍익대학교 오늘 날씨가 맑은지 지금 알고 싶어요.,6
99,홍대 근처 오늘 날씨가 맑은지 지금 확인해줄래요?,6
100,홍대 날씨가 흐린가요?,6
101,홍익대학교 날씨가 흐린지 궁금해요.,6
102,홍대 주변 날씨가 오늘 흐린가요?,6
103,홍익대학교 날씨가 흐린지 알고 싶어요.,6
104,홍대 날씨가 지금 흐린가요?,6
105,홍익대학교 날씨가 지금 흐린지 알려주세요.,6
106,홍익대학교 근처 날씨가 흐린가요?,6
107,홍대 날씨가 지금 흐린지 궁금해요.,6
108,홍대 주변 날씨가 지금 흐린가요?,6
109,홍익대학교 날씨가 흐린지 알려주세요.,6
110,홍대 날씨가 오늘 흐린지 확인해줄래요?,6
111,오늘 홍대 날씨가 흐린지 궁금해요.,6
112,홍익대학교 날씨가 오늘 흐린지 아세요?,6
113,지금 홍대 날씨가 흐린지 알고 싶어요.,6
114,홍익대학교 날씨가 흐린지 지금 확인해줄래요?,6
115,오늘 홍대 날씨가 흐린지 확인해줄래요?,6
116,홍익대학교 오늘 날씨가 흐린지 궁금해요?,6
117,지금 홍대 날씨가 흐린지 아세요?,6
118,오늘 홍익대학교 날씨가 흐린지 알고 싶어요.,6
119,홍익대학교 오늘 날씨가 흐린지 아세요?,6
120,홍대 오늘 날씨가 흐린지 알고 싶어요.,6
121,오늘 홍대 날씨가 흐린지 확인해보셨나요?,6
122,홍익대학교 날씨가 흐린지 지금 알아볼 수 있나요?,6
123,홍대 날씨가 오늘 흐린지 확인해줄 수 있나요?,6
124,오늘 홍익대학교 날씨가 흐린지 알고 싶어요.,6
125,홍대 오늘 날씨가 흐린지 알아볼 수 있을까요?,6
126,홍익대학교 오늘 날씨가 흐린지 지금 알려주세요.,6
127,홍대 근처 날씨가 오늘 흐린지 궁금해요.,6
128,홍대 날씨가 흐린지 지금 아세요?,6
129,홍익대학교 오늘 날씨가 흐린지 궁금해요.,6
130,오늘 홍대 날씨가 흐린지 아시나요?,6
131,홍대 날씨가 흐린지 지금 확인해줄래?,6
132,오늘 홍익대학교 날씨가 흐린지 아세요?,6
133,지금 홍익대학교 날씨가 흐린지 알고 싶어요.,6
134,홍대 근처 날씨가 흐린지 아시나요?,6
135,홍대 오늘 날씨가 흐린지 알려줄 수 있나요?,6
136,홍익대학교 오늘 날씨가 흐린지 아시나요?,6
137,홍대 날씨가 오늘 흐린지 지금 알려줄래요?,6
138,오늘 홍익대학교 날씨가 흐린지 알아볼 수 있나요?,6
139,홍익대학교 날씨가 흐린지 지금 알고 싶어요.,6
140,홍대 근처 오늘 날씨가 흐린지 아시나요?,6
141,오늘 홍대 날씨가 흐린지 확인할 수 있나요?,6
142,홍대 날씨가 흐린지 지금 아시나요?,6
143,홍익대학교 오늘 날씨가 흐린지 알려줄래요?,6
144,지금 홍익대학교 날씨가 흐린지 확인해줄래요?,6
145,오늘 홍대 날씨가 흐린지 알려줄래요?,6
146,홍대 날씨가 흐린지 지금 확인해줄 수 있나요?,6
147,홍익대학교 날씨가 오늘 흐린지 아시나요?,6
148,지금 홍대 날씨가 흐린지 알고 싶어요.,6
149,홍익대학교 오늘 날씨가 흐린지 지금 확인해줄래요?,6
150,홍대 오늘 날씨가 흐린지 아시나요?,6
151,오늘 홍대 날씨가 흐린지 알고 싶어요.,6
152,홍익대학교 날씨가 흐린지 지금 알아볼 수 있나요?,6
153,오늘 홍대 날씨가 흐린지 지금 확인해줄 수 있나요?,6
154,홍익대학교 날씨가 오늘 흐린지 지금 아세요?,6
155,홍대 날씨가 흐린지 지금 확인해줄 수 있을까요?,6
156,오늘 홍익대학교 날씨가 흐린지 지금 알려줄 수 있나요?,6
157,지금 홍대 날씨가 흐린지 알아봐줄 수 있나요?,6
158,오늘 홍대 날씨가 흐린지 지금 알려줄래요?,6
159,홍익대학교 날씨가 흐린지 지금 알고 싶어요.,6
160,홍대 근처 오늘 날씨가 흐린지 지금 아시나요?,6
161,홍대 날씨가 오늘 흐린지 지금 알아봐줄래요?,6
162,오늘 홍익대학교 날씨가 흐린지 지금 확인할 수 있나요?,6
163,홍대 오늘 날씨가 흐린지 지금 아시나요?,6
164,지금 홍익대학교 날씨가 흐린지 확인해줄 수 있나요?,6
165,홍대 날씨가 오늘 흐린지 지금 알려줄 수 있나요?,6
166,오늘 홍대 날씨가 흐린지 지금 알아볼 수 있나요?,6
167,홍익대학교 날씨가 오늘 흐린지 아세요?,6
168,홍대 근처 오늘 날씨가 흐린지 지금 알려줄 수 있나요?,6
169,홍대 날씨가 오늘 흐린지 지금 확인해줄래요?,6
170,홍익대학교 날씨가 흐린지 지금 확인해줄래요?,6
171,홍대 날씨가 오늘 흐린지 지금 아세요?,6
172,오늘 홍대 날씨가 흐린지 지금 확인해줄 수 있을까요?,6
173,홍익대학교 오늘 날씨가 흐린지 지금 알고 싶어요.,6
174,홍대 날씨가 흐린지 지금 확인해줄 수 있나요?,6
175,오늘 홍익대학교 날씨가 흐린지 지금 알아봐줄래요?,6
176,홍대 오늘 날씨가 흐린지 지금 알고 싶어요.,6
177,지금 홍대 날씨가 흐린지 확인해줄 수 있나요?,6
178,홍익대학교 날씨가 오늘 흐린지 지금 확인해줄 수 있나요?,6
179,홍대 근처 날씨가 오늘 흐린지 지금 알려줄래요?,6
180,오늘 홍대 날씨가 흐린지 지금 확인해줄래요?,6
181,홍대 날씨가 흐린지 지금 알고 싶어요.,6
182,홍익대학교 오늘 날씨가 흐린지 지금 확인해줄래요?,6
183,홍대 날씨가 오늘 흐린지 지금 알려줄래요?,6
184,홍대 날씨가 흐린지 지금 확인해줄 수 있을까요?,6
185,오늘 홍익대학교 날씨가 흐린지 지금 알고 싶어요.,6
186,홍대 오늘 날씨가 흐린지 지금 확인해줄 수 있나요?,6
187,홍익대학교 날씨가 흐린지 지금 알아봐줄 수 있나요?,6
188,오늘 홍대 날씨가 흐린지 지금 알고 싶어요.,6
189,홍대 근처 날씨가 오늘 흐린지 지금 아세요?,6
190,오늘 홍익대학교 날씨가 흐린지 지금 확인해줄래요?,6
191,홍대 날씨가 오늘 흐린지 지금 알고 싶어요.,6
192,지금 홍대 날씨가 흐린지 확인해줄래요?,6
193,오늘 홍대 날씨가 흐린지 지금 알아봐줄래요?,6
194,홍익대학교 날씨가 흐린지 지금 알고 싶어요.,6
195,홍대 오늘 날씨가 흐린지 지금 확인해줄 수 있나요?,6
196,오늘 홍대 날씨가 흐린지 지금 알려줄래요?,6
197,홍익대학교 오늘 날씨가 흐린지 지금 알고 싶어요.,6
198,홍대 근처 오늘 날씨가 흐린지 지금 확인해줄래요?,6
199,홍익대학교 근처 비 올 확률이 있나요?,6
200,홍익대학교 앞에 비가 오나요?,6
201,홍익대학교 주변 비가 내리고 있나요?,6
202,홍대 근처 비 예보가 있나요?,6
203,홍익대학교 날씨가 비오는지 궁금해요.,6
204,홍대 근처 비 올 가능성이 있나요?,6
205,홍익대학교 오늘 비가 오는지 궁금해요.,6
206,홍대 근처 비가 올 확률이 있나요?,6
207,홍익대학교 근처 비가 오는지 알려주세요.,6
208,홍익대학교 비 올 가능성이 있나요?,6
209,홍익대학교 오늘 비 올 확률이 있나요?,6
210,오늘 홍대 근처 비가 오나요?,6
211,홍대 비 예보가 궁금해요.,6
212,홍익대학교 앞에 오늘 비가 오나요?,6
213,오늘 홍대 비가 올까요?,6
214,홍대 근처 비 소식 있나요?,6
215,오늘 홍대 비가 내릴까요?,6
216,홍익대학교 오늘 비 소식 있나요?,6
217,홍대 비 예보 좀 알려주세요.,6
218,오늘 홍익대학교 비가 올까요?,6
219,홍대 근처 오늘 비 올까요?,6
220,홍익대학교 오늘 비 예보 있나요?,6
221,오늘 홍대 근처 비 소식 있나요?,6
222,홍대 오늘 비가 내릴 가능성이 있나요?,6
223,오늘 홍익대학교 비가 올 확률 있나요?,6
224,홍대 비 예보 있나요?,6
225,홍익대학교 오늘 비가 올 가능성이 있나요?,6
226,오늘 홍대 비가 올 확률이 있나요?,6
227,홍대 근처 오늘 비 소식 있나요?,6
228,홍익대학교 오늘 비가 내릴까요?,6
229,오늘 홍대 비 예보 있나요?,6
230,홍대 비가 올 가능성 있나요?,6
231,오늘 홍익대학교 비가 올까요?,6
232,홍대 근처 비가 올 확률이 있나요?,6
233,오늘 홍익대학교 비 소식 있나요?,6
234,홍대 비 예보가 있나요?,6
235,오늘 홍대 비가 내릴까요?,6
236,홍익대학교 오늘 비가 올 가능성 있나요?,6
237,오늘 홍대 비 예보가 있나요?,6
238,홍대 비가 올 확률 있나요?,6
239,오늘 홍익대학교 비가 내릴 확률이 있나요?,6
240,홍대 비 예보 좀 알려줄래요?,6
241,오늘 홍익대학교 비 예보가 있나요?,6
242,홍대 비 올 가능성이 있나요?,6
243,오늘 홍대 비 소식 있나요?,6
244,홍익대학교 오늘 비가 내릴 확률 있나요?,6
245,홍대 비,6
246,오늘 홍익대학교 비 올 가능성이 있나요?,6
247,홍대 비가 올 가능성이 있나요?,6
248,오늘 홍익대학교 비 소식이 있나요?,6
249,홍대 근처 비 예보가 궁금해요.,6
250,오늘 홍대 비가 올 가능성이 있나요?,6
251,홍익대학교 오늘 비가 내릴까요?,6
252,홍대 비가 올 확률이 있나요?,6
253,오늘 홍익대학교 비가 내릴 가능성이 있나요?,6
254,홍대 비 예보 좀 확인해줄래요?,6
255,오늘 홍대 비 예보가 있나요?,6
256,홍익대학교 비가 올 확률 있나요?,6
257,홍대 근처 비 소식이 궁금해요.,6
258,오늘 홍익대학교 비가 올까요?,6
259,홍대 비가 올 확률이 궁금해요.,6
260,오늘 홍대 비 소식이 있나요?,6
261,홍익대학교 비 예보 좀 알려줄래요?,6
262,오늘 홍대 비가 내릴 가능성이 있나요?,6
263,홍대 비가 내릴 확률 있나요?,6
264,오늘 홍익대학교 비가 올 가능성이 있나요?,6
265,홍대 비가 올 가능성 있나요?,6
266,오늘 홍대 비가 올 확률이 있나요?,6
267,홍익대학교 비가 내릴 확률이 있나요?,6
268,오늘 홍대 비가 올 확률이 있나요?,6
269,홍익대학교 오늘 비가 올 확률이 궁금해요.,6
270,홍대 비가 올 가능성이 궁금해요.,6
271,오늘 홍익대학교 비 예보 있나요?,6
272,홍대 근처 오늘 비가 내릴까요?,6
273,홍익대학교 비가 내릴 가능성이 있나요?,6
274,오늘 홍대 비가 올 가능성이 궁금해요.,6
275,홍대 비가 올 확률이 얼마나 되나요?,6
276,오늘 홍익대학교 비가 내릴 확률이 있나요?,6
277,홍대 비 예보가 궁금해요.,6
278,홍대 근처 오늘 비가 올까요?,6
279,홍익대학교 비가 내릴 가능성 있나요?,6
280,오늘 홍대 비가 내릴 확률이 있나요?,6
281,홍익대학교 비가 올 확률 얼마나 되나요?,6
282,오늘 홍대 비 예보가 궁금해요.,6
283,홍대 비가 올 가능성이 얼마나 되나요?,6
284,오늘 홍익대학교 비가 내릴 가능성이 있나요?,6
285,홍대 비 예보 좀 알려줄래요?,6
286,오늘 홍대 비가 올 확률이 얼마나 되나요?,6
287,홍익대학교 비가 내릴 확률 얼마나 되나요?,6
288,오늘 홍대 비가 올 가능성이 얼마나 되나요?,6
289,홍대 비 예보를 확인해줄래요?,6
290,오늘 홍익대학교 비가 올 확률이 얼마나 되나요?,6
291,홍대 비가 올 확률 얼마나 되나요?,6
292,오늘 홍대 비 예보를 알려줄래요?,6
293,홍익대학교 비가 내릴 가능성이 얼마나 되나요?,6
294,오늘 홍대 비가 내릴 확률이 얼마나 되나요?,6
295,홍대 비 예보 좀 확인해줄래요?,6
296,오늘 홍익대학교 비가 올 확률 얼마나 되나요?,6
297,홍대 비가 올 가능성을 알고 싶어요.,6
298,오늘 홍익대학교 비가 내릴 가능성이 얼마나 되나요?,6
299,홍대 주변 기온은 몇 도인가요?,6
300,홍익대학교 주변 기온이 몇 도인지 알려주세요.,6
301,홍익대학교 오늘 기온이 몇 도인가요?,6
302,홍익대학교 오늘 기온이 어떤가요?,6
303,홍익대학교 근처 오늘 기온이 어떤가요?,6
304,홍익대학교 오늘 기온이 몇 도인지 궁금해요.,6
305,홍대 근처 기온이 몇 도인지 알려주세요.,6
306,홍익대학교 근처 기온이 어떤가요?,6
307,홍대 앞 기온이 궁금해요.,6
308,홍익대학교 주변 기온이 몇 도인지 궁금해요.,6
309,홍대 오늘 기온이 몇 도인가요?,6
310,홍익대학교 기온이 오늘 몇 도인가요?,6
311,오늘 홍대 기온은 몇 도인가요?,6
312,홍대 기온이 몇 도인지 알려줄래요?,6
313,오늘 홍익대학교 기온은 몇 도인가요?,6
314,홍대 근처 기온이 어떤지 알고 싶어요.,6
315,홍익대학교 기온이 몇 도인지 알려줄 수 있나요?,6
316,홍대 오늘 기온이 몇 도인지 아세요?,6
317,오늘 홍익대학교 기온이 몇 도인지 아세요?,6
318,홍대 기온이 지금 몇 도인지 궁금해요.,6
319,홍익대학교 기온이 오늘 몇 도인지 아세요?,6
320,오늘 홍대 기온이 몇 도인지 알려줄래요?,6
321,홍대 근처 기온이 지금 몇 도인가요?,6
322,홍익대학교 기온이 지금 몇 도인가요?,6
323,홍대 기온이 지금 몇 도인지 아세요?,6
324,홍익대학교 기온이 지금 몇 도인지 알려줄래요?,6
325,오늘 홍대 기온이 몇 도인지 궁금해요.,6
326,홍익대학교 근처 기온이 몇 도인지 알고 싶어요.,6
327,홍대 기온이 오늘 몇 도인지 궁금해요.,6
328,오늘 홍대 기온이 몇 도인지 알려줄 수 있나요?,6
329,홍익대학교 오늘 기온이 몇 도인지 아세요?,6
330,홍대 근처 기온이 오늘 몇 도인가요?,6
331,홍대 기온이 지금 몇 도인지 알려주세요.,6
332,홍익대학교 기온이 지금 몇 도인가요?,6
333,홍대 근처 기온이 지금 몇 도인지 알려줄래요?,6
334,오늘 홍익대학교 기온이 몇 도인지 알려주세요.,6
335,홍대 오늘 기온이 몇 도인지 알려줄래요?,6
336,오늘 홍익대학교 기온이 몇 도인가요?,6
337,홍대 기온이 오늘 몇 도인지 알고 싶어요.,6
338,홍익대학교 기온이 몇 도인지 지금 알려줄래요?,6
339,오늘 홍대 근처 기온이 몇 도인가요?,6
340,홍대 오늘 기온이 몇 도인지 아세요?,6
341,오늘 홍익대학교 근처 기온이 몇 도인가요?,6
342,홍대 기온이 지금 몇 도인지 아세요?,6
343,홍익대학교 기온이 몇 도인지 지금 알고 싶어요.,6
344,홍대 근처 오늘 기온이 몇 도인가요?,6
345,홍대 기온이 몇 도인지 지금 알려줄래요?,6
346,홍익대학교 오늘 기온이 몇 도인지 알고 싶어요.,6
347,오늘 홍대 근처 기온이 몇 도인지 아세요?,6
348,홍대 기온이 지금 몇 도인지 궁금해요.,6
349,홍익대학교 기온이 오늘 몇 도인지 지금 알려줄래요?,6
350,홍대 근처 기온이 지금 몇 도인지 아세요?,6
351,오늘 홍대 기온이 몇 도인지 아세요?,6
352,홍익대학교 기온이 몇 도인지 지금 알고 싶어요.,6
353,홍대 오늘 기온이 몇 도인지 지금 알려줄래요?,6
354,오늘 홍익대학교 기온이 몇 도인지 알려줄 수 있나요?,6
355,홍대 근처 기온이 오늘 몇 도인지 알고 싶어요.,6
356,홍대 기온이 지금 몇 도인지 지금 알려줄래요?,6
357,오늘 홍익대학교 기온이 몇 도인지 지금 아세요?,6
358,홍대 기온이 지금 몇 도인지 지금 알려줄래요?,6
359,홍익대학교 기온이 오늘 몇 도인지 지금 알려줄 수 있나요?,6
360,오늘 홍대 근처 기온이 몇 도인지 알려줄래요?,6
361,홍대 오늘 기온이 몇 도인지 지금 알고 싶어요.,6
362,오늘 홍익대학교 기온이 몇 도인지 지금 알려줄래요?,6
363,홍대 기온이 지금 몇 도인지 지금 아세요?,6
364,홍익대학교 기온이 몇 도인지 지금 아세요?,6
365,홍대 근처 기온이 오늘 몇 도인지 지금 알려줄 수 있나요?,6
366,오늘 홍대 기온이 몇 도인지 지금 알려줄래요?,6
367,홍익대학교 기온이 오늘 몇 도인지 지금 알고 싶어요.,6
368,홍대 기온이 지금 몇 도인지 지금 아세요?,6
369,오늘 홍대 근처 기온이 몇 도인지 지금 알려줄래요?,6
370,홍대 기온이 오늘 몇 도인지 지금 알고 싶어요.,6
371,오늘 홍익대학교 기온이 몇 도인지 지금 알려줄 수 있나요?,6
372,홍대 근처 기온이 지금 몇 도인지 지금 알려줄래요?,6
373,오늘 홍대 기온이 몇 도인지 지금 아세요?,6
374,홍익대학교 기온이 오늘 몇 도인지 지금 알려줄래요?,6
375,홍대 기온이 지금 몇 도인지 알고 싶어요.,6
376,오늘 홍대 근처 기온이 몇 도인지 지금 알려줄래요?,6
377,홍대 기온이 오늘 몇 도인지 지금 알려줄 수 있나요?,6
378,홍익대학교 오늘 기온이 몇 도인지 지금 알고 싶어요.,6
379,홍대 근처 기온이 지금 몇 도인지 알려줄래요?,6
380,오늘 홍대 기온이 몇,6
381,홍대 기온이 오늘 몇 도인지 지금 알고 싶어요.,6
382,오늘 홍익대학교 기온이 몇 도인지 지금 아세요?,6
383,홍대 기온이 지금 몇 도인지 지금 알려줄래요?,6
384,홍익대학교 오늘 기온이 몇 도인지 지금 알려줄래요?,6
385,홍대 근처 기온이 지금 몇 도인지 지금 알고 싶어요.,6
386,홍대 오늘 기온이 몇 도인지 지금 아세요?,6
387,홍익대학교 기온이 오늘 몇 도인지 지금 알려줄 수 있나요?,6
388,오늘 홍대 기온이 몇 도인지 지금 알고 싶어요.,6
389,홍대 근처 기온이 지금 몇 도인지 지금 알려줄래요?,6
390,홍대 오늘 기온이 몇 도인지 지금 알려줄 수 있나요?,6
391,홍익대학교 기온이 오늘 몇 도인지 지금 알고 싶어요.,6
392,홍대 근처 기온이 지금 몇 도인지 지금 알려줄 수 있나요?,6
393,오늘 홍대 기온이 몇 도인지 지금 아세요?,6
394,홍익대학교 기온이 지금 몇 도인지 지금 알려줄래요?,6
395,홍대 기온이 지금 몇 도인지 지금 알고 싶어요.,6
396,오늘 홍익대학교 기온이 몇 도인지 지금 알려줄래요?,6
397,홍대 기온이 오늘 몇 도인지 지금 아세요?,6
398,오늘 홍대 근처 기온이 몇 도인지 지금 알려줄래요?,6
399,오늘 홍익대학교 주변 날씨가 어떤가요?,6
400,홍익대학교 근처 날씨는 지금 어떤 상태인가요?,6
401,홍대 주변 날씨 예보 좀 알려주세요.,6
402,현재 홍익대학교 날씨 상황은 어떤가요?,6
403,홍대 앞 날씨가 궁금해요.,6
404,홍대 근처 오늘 날씨가 어떤가요?,6
405,오늘 홍익대학교 날씨 정보 부탁드려요.,6
406,홍익대학교 주변 날씨가 오늘 어떤지 알려주세요.,6
407,홍익대학교 오늘 날씨 정보 부탁드립니다.,6
408,홍대 근처 날씨가 어떻게 변할까요?,6
409,홍대 주변 오늘 날씨 정보 부탁드립니다.,6
410,홍대 근처 날씨 예보 부탁드려요.,6
411,홍익대학교 날씨가 어떨지 알려주세요.,6
412,홍대 날씨가 지금 어떤가요?,6
413,홍대 날씨가 오늘 좋은가요?,6
414,홍대 날씨가 오늘 어떤지 궁금해요.,6
415,홍익대학교 근처 날씨가 지금 어떤가요?,6
416,홍대 날씨 예보가 궁금해요.,6
417,홍익대학교 날씨가 지금 좋은가요?,6
418,홍대 날씨가 지금 어떤 상태인가요?,6
419,홍익대학교 근처 지금 날씨가 어떤가요?,6
420,홍대 오늘 날씨 예보 좀 부탁드립니다.,6
421,홍익대학교 주변 날씨가 지금 어떤 상태인가요?,6
422,홍대 오늘 날씨가 어떤가요?,6
423,홍익대학교 날씨 예보가 궁금해요.,6
424,홍대 주변 날씨가 지금 어떤가요?,6
425,홍대 근처 날씨가 지금 어떤가요?,6
426,홍익대학교 날씨 예보 좀 부탁드려요.,6
427,홍대 주변 오늘 날씨가 어떤지 알려주세요.,6
428,홍익대학교 오늘 날씨가 어떤가요?,6
429,홍대 날씨가 지금 어떤 상태인가요?,6
430,홍익대학교 근처 오늘 날씨가 어떤가요?,6
431,홍대 오늘 날씨가 어떤 상태인가요?,6
432,홍익대학교 오늘 날씨 예보 좀 알려주세요.,6
433,홍대 주변 날씨가 지금 어떤지 궁금해요.,6
434,홍익대학교 오늘 날씨가 어떤 상태인가요?,6
435,홍대 근처 날씨가 지금 어떤지 알려주세요.,6
436,홍익대학교 날씨가 지금 어떤지 알고 싶어요.,6
437,홍대 오늘 날씨가 어떤지 알려주세요.,6
438,홍익대학교 날씨가 지금 어떤 상태인가요?,6
439,홍대 날씨 예보가 어떻게 되나요?,6
440,홍익대학교 근처 지금 날씨가 어떤지 궁금해요.,6
441,홍대 오늘 날씨 예보가 궁금해요.,6
442,홍익대학교 날씨가 지금 어떤지 알려주세요.,6
443,홍대 주변 날씨가 지금 어떤지 알고 싶어요.,6
444,홍익대학교 오늘 날씨 상태가 어떤가요?,6
445,홍대 근처 날씨가 지금 어떤 상태인가요?,6
446,홍익대학교 날씨 예보 좀 알려줄래요?,6
447,홍대 오늘 날씨 상태가 궁금해요.,6
448,홍익대학교 근처 오늘 날씨 상태가 어떤가요?,6
449,홍대 날씨가 지금 어떤지 알고 싶어요.,6
450,홍익대학교 오늘 날씨가 어떤지 알려주세요.,6
451,홍대 주변 날씨가 지금 어떤 상태인지 알려주세요.,6
452,홍익대학교 날씨가 지금 어떤지 궁금해요.,6
453,홍대 날씨가 지금 어떤지 알려줄래요?,6
454,홍익대학교 근처 오늘 날씨 상태가 궁금해요.,6
455,홍대 날씨가 지금 어떤지 확인해줄래요?,6
456,홍익대학교 오늘 날씨 상태가 어떤지 알려주세요.,6
457,홍대 근처 날씨가 지금 어떤지 궁금해요.,6
458,홍익대학교 날씨 예보 좀 확인해줄래요?,6
459,홍대 오늘 날씨 상태가 어떤지 알고 싶어요.,6
460,홍익대학교 근처 지금 날씨 상태가 어떤가요?,6
461,홍대 날씨가 지금 어떤지 궁금해요.,6
462,홍익대학교 오늘 날씨가 어떤지 알고 싶어요.,6
463,홍대 주변 날씨 상태가 지금 어떤지 알려주세요.,6
464,홍익대학교 날씨가 지금 어떤 상태인지 궁금해요.,6
465,홍대 날씨가 지금 어떤지 알고 싶어요.,6
466,홍익대학교 근처 날씨 상태가 지금 어떤가요?,6
467,홍대 오늘 날씨 상태가 어떤지 궁금해요.,6
468,홍익대학교 지금 날씨 상태가 어떤가요?,6
469,홍대 근처 오늘 날씨 상태가 궁금해요.,6
470,홍익대학교 오늘 날씨 상태가 궁금해요.,6
471,홍대 오늘 날씨 상태가 어떤지 확인해줄래요?,6
472,홍익대학교 지금 날씨 상태가 어떤지 알려주세요.,6
473,홍대 근처 지금 날씨 상태가 어떤지 알고 싶어요.,6
474,홍익대학교 날씨가 지금 어떤지 알려줄래요?,6
475,홍대 오늘 날씨 상태가 어떤지 알려줄래요?,6
476,홍익대학교 근처 지금 날씨 상태가 어떤지 궁금해요.,6
477,홍대 날씨가 지금 어떤 상태인지 알려주세요.,6
478,홍익대학교 오늘 날씨가 어떤지 확인해줄래요?,6
479,홍대 주변 날씨 상태가 지금 어떤가요?,6
480,홍익대학교 날씨 예보 좀 알려줄래요?,6
481,홍대 오늘 날씨 상태가 어떤지 궁금해요.,6
482,홍익대학교 근처 지금 날씨 상태가 어떤지 알려주세요.,6
483,홍대 날씨가 지금 어떤지 알고 싶어요.,6
484,홍익대학교 오늘 날씨가 어떤 상태인지 궁금해요.,6
485,홍대 주변 지금 날씨 상태가 어떤지 알려줄래요?,6
486,홍익대학교 날씨 예보 좀 알려줄래요?,6
487,홍대 오늘 날씨 상태가 어떤지 알고 싶어요.,6
488,홍익대학교 지금 날씨 상태가 어떤지 확인해줄래요?,6
489,홍대 날씨가 지금 어떤지 확인해줄래요?,6
490,홍익대학교 근처 지금 날씨 상태가 어떤지 궁금해요.,6
491,홍대 오늘 날씨 상태가 어떤지 알려주세요.,6
492,홍익대학교 날씨가 지금 어떤지 알고 싶어요.,6
493,홍대 주변 지금 날씨 상태가 어떤지 알려줄래요?,6
494,홍익대학교 날씨 예보 좀 알려줄래요?,6
495,홍대 오늘 날씨 상태가 어떤지 궁금해요.,6
496,홍익대학교 근처 지금 날씨 상태가 어떤지 알려주세요.,6
497,홍대 날씨가 지금 어떤지 알고 싶어요.,6
498,홍익대학교 오늘 날씨 상태가 어떤지 확인해줄래요?,6
499,컴퓨터공학과 전화번호가 뭐야?,3
500,컴퓨터공학과 학과사무실이 어디야?,3
501,경제학부 전화번호가 뭐야?,3
502,경제학부 학과사무실이 어디야?,3
503,영어교육과 전화번호가 뭐야?,3
504,영어교육과 학과사무실이 어디야?,3
505,신소재공학과 전화번호가 뭐야?,3
506,신소재공학과 학과사무실이 어디야?,3
507,경영학부 전화번호가 뭐야?,3
508,경영학부 학과사무실이 어디야?,3
509,화학공학과 전화번호가 뭐야?,3
510,화학공학과 학과사무실이 어디야?,3
511,법학부 전화번호가 뭐야?,3
512,법학부 학과사무실이 어디야?,3
513,기계·시스템디자인공학과 전화번호가 뭐야?,3
514,기계·시스템디자인공학과 학과사무실이 어디야?,3
515,건축학부 전화번호가 뭐야?,3
516,건축학부 학과사무실이 어디야?,3
517,독어독문학과 전화번호가 뭐야?,3
518,독어독문학과 학과사무실이 어디야?,3
519,산업·데이터공학과 전화번호가 뭐야?,3
520,산업·데이터공학과 학과사무실이 어디야?,3
521,경영학전공 전화번호가 뭐야?,3
522,경영학전공 학과사무실이 어디야?,3
523,도시공학과 전화번호가 뭐야?,3
524,도시공학과 학과사무실이 어디야?,3
525,역사교육과 전화번호가 뭐야?,3
526,역사교육과 학과사무실이 어디야?,3
527,바이오헬스융합학부 전화번호가 뭐야?,3
528,바이오헬스융합학부 학과사무실이 어디야?,3
529,조소과 전화번호가 뭐야?,3
530,조소과 학과사무실이 어디야?,3
531,전자전기공학과 전화번호가 뭐야?,3
532,전자전기공학과 학과사무실이 어디야?,3
533,도예유리과 전화번호가 뭐야?,3
534,도예유리과 학과사무실이 어디야?,3
535,실내건축학전공 전화번호가 뭐야?,3
536,실내건축학전공 학과사무실이 어디야?,3
537,패션디자인과 전화번호가 뭐야?,3
538,패션디자인과 학과사무실이 어디야?,3
539,기획처 연락처가 뭐야?,3
540,기획팀 전화번호 알려줄래?,3
541,예산팀 연락처가 뭐야?,3
542,홍보실 전화번호 알려줘.,3
543,디자인연구실 연락처가 뭐야?,3
544,교무처 전화번호 알려줄래?,3
545,입학관리본부 연락처가 뭐야?,3
546,입학관리팀 전화번호 알려줘.,3
547,입학사정관실 연락처가 뭐야?,3
548,교무팀 전화번호 알려줄래?,3
549,학사지원팀 연락처가 뭐야?,3
550,자율전공지원본부 전화번호 알려줘.,3
551,자율전공지원실 연락처가 뭐야?,3
552,학생처 전화번호 알려줄래?,3
553,학생지원팀 연락처가 뭐야?,3
554,장학팀 전화번호 알려줘.,3
555,장애학생지원센터 연락처가 뭐야?,3
556,기숙사 전화번호 알려줄래?,3
557,사무처 연락처가 뭐야?,3
558,총무팀 전화번호 알려줘.,3
559,관재팀 연락처가 뭐야?,3
560,건설관리팀 전화번호 알려줄래?,3
561,구매팀 연락처가 뭐야?,3
562,재무팀 전화번호 알려줘.,3
563,국제협력본부 연락처가 뭐야?,3
564,국제교류실 전화번호 알려줄래?,3
565,국제학생지원실 연락처가 뭐야?,3
566,학생지원팀 전화번호 알려줘.,3
567,총무팀 연락처가 뭐야?,3
568,학사지원팀 전화번호 알려줄래?,3
569,김민수 교수님 연락처 알려줘.,3
570,박지영 교수님 연락처 알려줘.,3
571,이성훈 교수님 연락처 알려줘.,3
572,정다은 교수님 연락처 알려줘.,3
573,최준혁 교수님 연락처 알려줘.,3
574,한예슬 교수님 연락처 알려줘.,3
575,오상민 교수님 연락처 알려줘.,3
576,서유진 교수님 연락처 알려줘.,3
577,장현우 교수님 연락처 알려줘.,3
578,유나영 교수님 연락처 알려줘.,3
579,김현우 교수님 전화번호 알려줘.,3
580,이수진 교수님 연락처가 뭐야?,3
581,박준영 교수님 전화번호 좀 알려줄래?,3
582,정예린 교수님 연락처 알려줄 수 있어?,3
583,최민호 교수님 전화번호 부탁해.,3
584,한지민 교수님 연락처가 어떻게 돼?,3
585,오지훈 교수님 전화번호 좀 알 수 있을까?,3
586,서민정 교수님 연락처 알려줄래?,3
587,장수현 교수님 전화번호 뭐야?,3
588,유정민 교수님 연락처 좀 알려줘.,3
589,김서현 교수님 이메일 주소 알려줘.,3
590,박상준 교수님 연락 방법 좀 알려줄래?,3
591,이지훈 교수님 휴대전화 번호 알 수 있을까?,3
592,정수민 교수님 사무실 전화번호 알려줘.,3
593,최경희 교수님 이메일 주소 부탁해.,3
594,한상우 교수님 연락처 정보 알려줘.,3
595,오준영 교수님 전화번호 어떻게 되지?,3
596,서지연 교수님 이메일 주소 뭐야?,3
597,장도현 교수님 연락처 좀 공유해줄래?,3
598,유지민 교수님 휴대전화 번호 알려줘.,3
599,김다인 교수님 사무실 번호 알 수 있어?,3
600,박현서 교수님 이메일 주소 알려줄래?,3
601,이지수 교수님 연락처 좀 알려줘.,3
602,정민우 교수님 전화번호 알아?,3
603,최지훈 교수님 이메일 주소 알 수 있을까?,3
604,한예지 교수님 연락처 정보 부탁해.,3
605,오정민 교수님 전화번호 알려줄래?,3
606,서인아 교수님 이메일 주소 알려줘.,3
607,장태준 교수님 연락처 좀 부탁해.,3
608,유태민 교수님 사무실 번호 뭐야?,3
609,홍대 마스코트는 어떤 모습인가요?,7
610,홍익대학교의 마스코트 이름이 뭐예요?,7
611,홍대 마스코트는 무슨 동물인가요?,7
612,홍대 마스코트는 언제 처음 등장했나요?,7
613,홍대 마스코트는 어떤 색깔이에요?,7
614,홍대 마스코트의 역사가 어떻게 되나요?,7
615,홍익대학교 마스코트의 특징은 무엇인가요?,7
616,홍대 마스코트는 어떤 옷을 입고 있나요?,7
617,홍대 마스코트의 성별은 무엇인가요?,7
618,홍대 마스코트는 무슨 캐릭터인가요?,7
619,홍익대학교 마스코트의 이름을 지은 이유는 무엇인가요?,7
620,홍대 마스코트는 학교 행사에서 어떤 역할을 하나요?,7
621,홍대 마스코트는 언제부터 사용되었나요?,7
622,홍익대학교 마스코트의 공식 이미지는 어디서 볼 수 있나요?,7
623,홍대 마스코트는 어떤 활동을 하나요?,7
624,홍익대학교 마스코트의 주요 디자인 요소는 무엇인가요?,7
625,홍대 마스코트의 별명은 무엇인가요?,7
626,홍대 마스코트는 어떻게 만들어졌나요?,7
627,홍대 마스코트는 학생들에게 인기가 있나요?,7
628,홍익대학교 마스코트의 이야기를 알려주세요.,7
629,홍대 마스코트는 어떤 행사에 참여하나요?,7
630,홍대 마스코트는 어떤 성격을 가지고 있나요?,7
631,홍익대학교 마스코트의 제작자는 누구인가요?,7
632,홍대 마스코트는 학교 상징물로 사용되나요?,7
633,홍익대학교 마스코트의 대표 포즈는 무엇인가요?,7
634,홍대 마스코트의 주요 색상은 무엇인가요?,7
635,홍대 마스코트는 학교 로고에 포함되나요?,7
636,홍대 마스코트는 어디에서 볼 수 있나요?,7
637,홍대 마스코트는 어떻게 관리되나요?,7
638,홍익대학교 마스코트의 인형은 판매하나요?,7
639,홍대 마스코트의 키는 얼마인가요?,7
640,홍대 마스코트는 어떤 표정을 가지고 있나요?,7
641,홍익대학교 마스코트의 활동 범위는 어디까지인가요?,7
642,홍대 마스코트는 어디서 활동하나요?,7
643,홍대 마스코트는 어떤 이벤트에 참여하나요?,7
644,홍익대학교 마스코트는 학교를 어떻게 대표하나요?,7
645,홍대 마스코트는 특별한 의미를 가지고 있나요?,7
646,홍대 마스코트는 학생들과 어떻게 소통하나요?,7
647,홍익대학교 마스코트의 이야기를 들려주세요.,7
648,홍대 마스코트는 다른 학교와의 경기에서 어떤 역할을 하나요?,7
649,홍익대학교 마스코트의 슬로건은 무엇인가요?,7
650,홍대 마스코트는 언제 가장 바쁜가요?,7
651,홍대 마스코트는 학생들에게 어떤 메시지를 전달하나요?,7
652,홍대 마스코트는 어떻게 홍보되나요?,7
653,홍익대학교 마스코트의 주요 행사 참여 기록은 무엇인가요?,7
654,홍대 마스코트는 어떤 이미지를 가지고 있나요?,7
655,홍대 마스코트의 인형은 어디서 살 수 있나요?,7
656,홍익대학교 마스코트는 몇 살인가요?,7
657,홍대 마스코트는 어떤 상징성을 가지고 있나요?,7
658,홍대 마스코트의 이름은 어떻게 지어졌나요?,7
659,홍익대학교 마스코트는 누구의 아이디어였나요?,7
660,홍대 마스코트는 학교 홍보에 어떻게 기여하나요?,7
661,홍대 마스코트는 어디서 영감을 받았나요?,7
662,홍대 마스코트는 어떤 스타일로 그려졌나요?,7
663,홍익대학교 마스코트는 어떤 캐릭터인가요?,7
664,홍대 마스코트는 학생들 사이에서 인기가 많나요?,7
665,홍대 마스코트는 교내에서 어디에서 자주 볼 수 있나요?,7
666,홍익대학교 마스코트의 특징적인 행동은 무엇인가요?,7
667,홍대 마스코트의 주된 활동 장소는 어디인가요?,7
668,홍대 마스코트는 언제 가장 유명해졌나요?,7
669,홍익대학교 마스코트의 역할은 무엇인가요?,7
670,홍대 마스코트는 어디에서 주로 활동하나요?,7
671,홍대 마스코트의 인기 요인은 무엇인가요?,7
672,홍대 마스코트는 학생 행사에서 어떤 역할을 하나요?,7
673,홍익대학교 마스코트는 언제 처음 소개되었나요?,7
674,홍대 마스코트는 어떻게 디자인되었나요?,7
675,홍대 마스코트는 어디에서 가장 많이 볼 수 있나요?,7
676,홍익대학교 마스코트는 어떻게 홍보되나요?,7
677,홍대 마스코트는 학교 행사에서 어떤 역할을 하나요?,7
678,홍대 마스코트는 어떤 이름을 가지고 있나요?,7
679,홍익대학교 마스코트는 어떤 이벤트에 참여하나요?,7
680,홍대 마스코트는 학생들과 어떻게 상호작용하나요?,7
681,홍대 마스코트는 어떤 이미지로 그려지나요?,7
682,홍익대학교 마스코트는 어떤 성격을 가지고 있나요?,7
683,홍대 마스코트는 어떻게 소개되었나요?,7
684,홍대 마스코트는 학교 로고에 포함되나요?,7
685,홍익대학교 마스코트는 언제 가장 바쁜가요?,7
686,홍대 마스코트는 어떤 활동을 하나요?,7
687,홍대 마스코트는 어떻게 유지 관리되나요?,7
688,홍익대학교 마스코트의 주요 활동은 무엇인가요?,7
689,홍대 마스코트는 어떤 이벤트에서 자주 볼 수 있나요?,7
690,홍대 마스코트는 학생들에게 어떤 영향을 미치나요?,7
691,홍익대학교 마스코트의 대표 이미지는 무엇인가요?,7
692,홍대 마스코트는 어떻게 만들어졌나요?,7
693,홍대 마스코트는 학교에서 어떤 역할을 하나요?,7
694,홍익대학교 마스코트의 디자인은 어떻게 되었나요?,7
695,홍대 마스코트는 어떤 옷을 입고 있나요?,7
696,홍대 마스코트는 학생들에게 어떤 의미를 가지나요?,7
697,홍익대학교 마스코트는 어떤 행사에 참여하나요?,7
698,홍대 마스코트는 어떻게 홍보되나요?,7
699,홍대 마스코트는 어떤 이름을 가지고 있나요?,7
700,홍익대학교 마스코트의 주요 활동 장소는 어디인가요?,7
701,홍대 마스코트는 어떤 이벤트에서 활동하나요?,7
702,홍대 마스코트는 학생들에게 어떤 메시지를 전달하나요?,7
703,홍익대학교 마스코트의 슬로건은 무엇인가요?,7
704,홍대 마스코트는 어떤 이미지를 가지고 있나요?,7
705,홍대 마스코트의 인형은 어디서 구매할 수 있나요?,7
706,홍익대학교 마스코트는 몇 살인가요?,7
707,홍대 마스코트는 어떤 상징성을 가지고 있나요?,7
708,홍대 마스코트의 이름은 어떻게 지어졌나요?,7
709,홍익대학교는 언제 설립되었나요?,7
710,홍대의 창립 기념일은 언제인가요?,7
711,홍익대학교는 처음에 어떤 학과들로 시작했나요?,7
712,홍대의 초대 총장은 누구였나요?,7
713,홍익대학교가 처음 문을 연 해는 언제인가요?,7
714,홍대의 설립자는 누구인가요?,7
715,홍익대학교는 처음 몇 명의 학생으로 시작했나요?,7
716,홍대가 처음 위치한 곳은 어디인가요?,7
717,홍익대학교는 언제 지금의 위치로 이전했나요?,7
718,홍대가 설립된 배경은 무엇인가요?,7
719,홍익대학교의 설립 이념은 무엇인가요?,7
720,홍대가 처음 설립되었을 때의 주요 목표는 무엇이었나요?,7
721,홍익대학교의 첫 번째 졸업식은 언제였나요?,7
722,홍대의 첫 졸업생은 몇 명이었나요?,7
723,홍익대학교가 처음으로 인증받은 학위는 무엇인가요?,7
724,홍대가 처음 개설한 전공은 무엇인가요?,7
725,홍익대학교의 첫 건물은 어떤 것이었나요?,7
726,홍대가 처음으로 개설한 대학원 과정은 무엇인가요?,7
727,홍익대학교는 몇 년도에 첫 박사 학위를 수여했나요?,7
728,홍대가 처음으로 수상한 주요 학술상은 무엇인가요?,7
729,홍익대학교가 처음으로 개설한 국제 프로그램은 무엇인가요?,7
730,홍대가 처음으로 체결한 국제 협력 대학은 어디인가요?,7
731,홍익대학교가 처음으로 참여한 국제 대회는 무엇인가요?,7
732,홍대가 처음으로 받은 국제 인증은 무엇인가요?,7
733,홍익대학교의 첫 번째 연구소는 무엇이었나요?,7
734,홍대의 첫 교내 동아리는 무엇이었나요?,7
735,홍익대학교의 첫 번째 도서관은 언제 개관했나요?,7
736,홍대가 처음으로 건립한 기숙사는 무엇인가요?,7
737,홍익대학교의 첫 캠퍼스 확장은 언제였나요?,7
738,홍대가 처음으로 주최한 문화 행사는 무엇인가요?,7
739,홍익대학교의 첫 축제는 언제 열렸나요?,7
740,홍대가 처음으로 개최한 체육 대회는 무엇인가요?,7
741,홍익대학교가 처음으로 개설한 온라인 강좌는 무엇인가요?,7
742,홍대가 처음으로 발간한 학술지는 무엇인가요?,7
743,홍익대학교의 첫 번째 교내 방송국은 언제 설립되었나요?,7
744,홍대가 처음으로 주최한 국제 학술 대회는 무엇인가요?,7
745,홍익대학교가 처음으로 개설한 이중 전공 프로그램은 무엇인가요?,7
746,홍대가 처음으로 주최한 글로벌 리더십 포럼은 언제였나요?,7
747,홍익대학교가 처음으로 주최한 공모전은 무엇인가요?,7
748,홍대가 처음으로 설립한 학내 박물관은 무엇인가요?,7
749,홍익대학교의 첫 번째 연구 프로젝트는 무엇이었나요?,7
750,홍대가 처음으로 체결한 산업 협력 파트너는 누구였나요?,7
751,홍익대학교가 처음으로 주최한 미술 전시는 언제였나요?,7
752,홍대가 처음으로 설치한 공공 예술 작품은 무엇인가요?,7
753,홍익대학교의 첫 번째 해외 분교는 어디인가요?,7
754,홍대가 처음으로 수여한 명예 박사 학위는 누구에게 주어졌나요?,7
755,홍익대학교가 처음으로 시행한 전면 온라인 수업은 언제였나요?,7
756,홍대가 처음으로 도입한 전산 시스템은 무엇인가요?,7
757,홍익대학교의 첫 번째 교환 학생 프로그램은 언제 시작되었나요?,7
758,홍대가 처음으로 개설한 야간 대학원 과정은 무엇인가요?,7
759,홍익대학교의 첫 번째 장애인 지원 프로그램은 언제 시작되었나요?,7
760,홍대가 처음으로 개설한 사이버 대학원은 무엇인가요?,7
761,홍익대학교가 처음으로 출간한 교재는 무엇인가요?,7
762,홍대의 첫 전임 교수는 누구였나요?,7
763,홍익대학교가 처음으로 설치한 대형 강의실은 어디에 있나요?,7
764,홍대가 처음으로 개설한 해외 연수 프로그램은 무엇인가요?,7
765,홍익대학교의 첫 번째 기부자는 누구였나요?,7
766,홍대가 처음으로 설립한 학내 클럽은 무엇인가요?,7
767,홍익대학교가 처음으로 개설한 교양 과목은 무엇인가요?,7
768,홍대의 첫 교내 신문은 언제 발간되었나요?,7
769,홍익대학교가 처음으로 수상한 국제 학술상은 무엇인가요?,7
770,홍대가 처음으로 설립한 학생 자치 기구는 무엇인가요?,7
771,홍익대학교의 첫 번째 학과장은 누구였나요?,7
772,홍대가 처음으로 주최한 연구 발표회는 무엇인가요?,7
773,홍익대학교가 처음으로 주최한 창업 경진 대회는 언제였나요?,7
774,홍대의 첫 번째 연극 공연은 언제 열렸나요?,7
775,홍익대학교가 처음으로 주최한 음악회는 언제였나요?,7
776,홍대가 처음으로 수상한 국가 과학기술상은 무엇인가요?,7
777,홍익대학교의 첫 번째 학위 수여식은 언제였나요?,7
778,홍대가 처음으로 개설한 야간 수업은 무엇인가요?,7
779,홍익대학교가 처음으로 설립한 비영리 단체는 무엇인가요?,7
780,홍대의 첫 번째 학술대회는 언제 열렸나요?,7
781,홍익대학교가 처음으로 주최한 사진전은 언제였나요?,7
782,홍대가 처음으로 개설한 인턴십 프로그램은 무엇인가요?,7
783,홍익대학교의 첫 번째 해외 연구소는 어디에 있나요?,7
784,홍대가 처음으로 체결한 정부 연구 프로젝트는 무엇인가요?,7
785,홍익대학교가 처음으로 발간한 학생 잡지는 무엇인가요?,7
786,홍대의 첫 학생 대표는 누구였나요?,7
787,홍익대학교가 처음으로 개설한 경영학 과목은 언제였나요?,7
788,홍대가 처음으로 주최한 디자인 경연 대회는 언제였나요?,7
789,홍익대학교의 첫 번째 기념비는 언제 세워졌나요?,7
790,홍대가 처음으로 주최한 문학상은 언제였나요?,7
791,홍익대학교가 처음으로 개설한 법학 과목은 언제였나요?,7
792,홍대가 처음으로 개설한 예술학 과목은 무엇인가요?,7
793,홍익대학교가 처음으로 주최한 과학 박람회는 언제였나요?,7
794,홍대가 처음으로 설립한 환경 연구소는 무엇인가요?,7
795,홍익대학교의 첫 번째 IT 연구소는 언제 설립되었나요?,7
796,홍대가 처음으로 수상한 교육부 장관상은 무엇인가요?,7
797,홍익대학교가 처음으로 개설한 공학 과목은 언제였나요?,7
798,홍대의 첫 국제 교환 학생은 언제 입학했나요?,7
799,홍익대학교가 처음으로 설립한 인권 센터는 언제였나요?,7
800,홍대가 처음으로 개설한 문화 연구소는 무엇인가요?,7
801,홍익대학교의 첫 번째 창업 지원 센터는 언제 설립되었나요?,7
802,홍대가 처음으로 주최한 국제 교류 프로그램은 무엇인가요?,7
803,홍익대학교가 처음으로 도입한 전자 도서관 시스템은 언제였나요?,7
804,홍대의 첫 학술 논문은 언제 발표되었나요?,7
805,홍익대학교 교가의 가사는 무엇인가요?,7
806,홍대 교가는 언제 만들어졌나요?,7
807,홍익대학교 교가는 누가 작곡했나요?,7
808,홍대 교가는 누가 작사했나요?,7
809,홍익대학교 교가의 멜로디는 어떤가요?,7
810,홍대 교가는 몇 절로 구성되어 있나요?,7
811,홍익대학교 교가의 첫 번째 가사는 무엇인가요?,7
812,홍대 교가의 마지막 가사는 무엇인가요?,7
813,홍익대학교 교가는 언제 부르나요?,7
814,홍대 교가는 어떤 행사에서 부르나요?,7
815,홍익대학교 교가는 어떤 의미를 담고 있나요?,7
816,홍대 교가는 몇 분 정도 길이인가요?,7
817,홍익대학교 교가의 주요 주제는 무엇인가요?,7
818,홍대 교가는 몇 번의 수정이 있었나요?,7
819,홍익대학교 교가의 주요 가사 내용은 무엇인가요?,7
820,홍대 교가의 작곡가는 어떤 배경을 가지고 있나요?,7
821,홍익대학교 교가의 작사가는 어떤 사람인가요?,7
822,홍대 교가는 어디에서 들을 수 있나요?,7
823,홍익대학교 교가는 어디에서 배울 수 있나요?,7
824,홍대 교가는 어떤 스타일의 음악인가요?,7
825,홍익대학교 교가의 악보는 어디에서 구할 수 있나요?,7
826,홍대 교가의 가사를 해석해 줄 수 있나요?,7
827,홍익대학교 교가의 역사에 대해 알려주세요.,7
828,홍대 교가는 학생들에게 어떤 의미인가요?,7
829,홍익대학교 교가는 몇 번 부르게 되나요?,7
830,홍대 교가는 어떤 악기로 연주하나요?,7
831,홍익대학교 교가는 교내 라디오에서 방송되나요?,7
832,홍대 교가의 주요 감정은 무엇인가요?,7
833,홍익대학교 교가는 몇 번 개정되었나요?,7
834,홍대 교가의 주요 테마는 무엇인가요?,7
835,홍익대학교 교가는 어떻게 배우나요?,7
836,홍대 교가는 어떤 템포로 부르나요?,7
837,홍익대학교 교가의 작곡 과정은 어땠나요?,7
838,홍대 교가의 작사 과정은 어땠나요?,7
839,홍익대학교 교가는 어떤 형식으로 되어 있나요?,7
840,홍대 교가는 언제 처음 불렸나요?,7
841,홍익대학교 교가의 녹음 버전은 있나요?,7
842,홍대 교가는 학생들 사이에서 인기가 있나요?,7
843,홍익대학교 교가는 교내에서 자주 불리나요?,7
844,홍대 교가는 어디에서 연습할 수 있나요?,7
845,홍익대학교 교가의 주요 단어는 무엇인가요?,7
846,홍대 교가는 어떤 분위기를 가지고 있나요?,7
847,홍익대학교 교가는 다른 대학 교가와 어떻게 다른가요?,7
848,홍대 교가의 음역대는 어떻게 되나요?,7
849,홍익대학교 교가의 가사를 쓰게 된 배경은 무엇인가요?,7
850,홍대 교가는 어떤 행사에서 처음 불렸나요?,7
851,홍익대학교 교가는 매년 변경되나요?,7
852,홍대 교가는 어떤 계절에 많이 불리나요?,7
853,홍익대학교 교가는 학내 행사에서 언제 불리나요?,7
854,홍대 교가의 대표적인 가사는 무엇인가요?,7
855,홍익대학교 교가의 녹음은 어디에서 이루어졌나요?,7
856,홍대 교가의 주 멜로디는 무엇인가요?,7
857,홍익대학교 교가의 주 악기는 무엇인가요?,7
858,홍대 교가의 첫 가사는 어떻게 시작되나요?,7
859,홍익대학교 교가의 마지막 가사는 어떻게 끝나나요?,7
860,홍대 교가는 어떤 때에 가장 많이 불리나요?,7
861,홍익대학교 교가는 졸업식에서 불리나요?,7
862,홍대 교가의 텍스트는 어디에서 구할 수 있나요?,7
863,홍익대학교 교가의 음악적 특징은 무엇인가요?,7
864,홍대 교가의 리듬은 어떤가요?,7
865,홍익대학교 교가의 주제는 무엇인가요?,7
866,홍대 교가는 학생들 사이에서 어떻게 전파되나요?,7
867,홍익대학교 교가는 교내 행사에서 자주 사용되나요?,7
868,홍대 교가는 언제 가장 많이 연주되나요?,7
869,홍익대학교 교가의 작곡가는 어떤 사람인가요?,7
870,홍대 교가의 작사가는 어떤 배경을 가지고 있나요?,7
871,홍익대학교 교가의 의미는 무엇인가요?,7
872,홍대 교가는 학교의 어떤 가치를 담고 있나요?,7
873,홍익대학교 교가는 어디에서 주로 들을 수 있나요?,7
874,홍대 교가의 주요 멜로디는 무엇인가요?,7
875,홍익대학교 교가의 가사는 어디에서 볼 수 있나요?,7
876,홍대 교가는 교내에서 어떻게 사용되나요?,7
877,홍익대학교 교가는 졸업식에서 언제 불리나요?,7
878,홍대 교가는 입학식에서 불리나요?,7
879,홍익대학교 교가는 어떤 감정을 불러일으키나요?,7
880,홍대 교가는 어떤 장르의 음악인가요?,7
881,홍익대학교 교가는 어디에서 주로 연주되나요?,7
882,홍대 교가는 어떤 학과에서 처음 만들어졌나요?,7
883,홍익대학교 교가의 악보는 어떻게 생겼나요?,7
884,홍대 교가의 첫 번째 가사는 어떤 의미를 담고 있나요?,7
885,홍익대학교 교가는 몇 번의 개정을 거쳤나요?,7
886,홍대 교가는 학생들 사이에서 어떤 반응을 얻었나요?,7
887,홍익대학교 교가의 주요 가사는 무엇인가요?,7
888,홍대 교가는 교내 행사에서 자주 부르나요?,7
889,홍익대학교 교가는 어떻게 탄생했나요?,7
890,홍대 교가는 어떤 역할을 하나요?,7
891,홍익대학교 교가는 몇 년도에 처음 불렸나요?,7
892,홍대 교가는 어떻게 만들어졌나요?,7
893,홍익대학교 교가는 어떤 전통을 가지고 있나요?,7
894,홍대 교가는 학생들에게 어떤 영향을 미치나요?,7
895,홍익대학교 교가는 교내에서 어떻게 사용되나요?,7
896,홍대 교가는 어떤 역사적 배경을 가지고 있나요?,7
897,홍익대학교 교가의 작곡가는 누구인가요?,7
898,홍대 교가의 작사가는 누구인가요?,7
899,홍익대학교 교가의 주요 음계는 무엇인가요?,7
900,홍대 교가는 어떤 템포로 연주되나요?,7
901,홍익대학교 교가의 주요 장르는 무엇인가요?,7
902,홍대 교가는 학생들 사이에서 어떻게 전파되었나요?,7
903,홍익대학교 교가는 어떤 메시지를 전달하나요?,7
904,홍대 교가는 어떤 형식으로 구성되어 있나요?,7
905,홍익대학교의 교색은 무엇인가요?,7
906,홍대의 교색은 언제 처음 정해졌나요?,7
907,홍익대학교 교색의 의미는 무엇인가요?,7
908,홍대 교색은 어떤 색깔인가요?,7
909,홍익대학교의 교색은 몇 가지 색으로 구성되어 있나요?,7
910,홍대 교색은 어떤 배경에서 정해졌나요?,7
911,홍익대학교 교색의 역사에 대해 알려주세요.,7
912,홍대 교색은 학교의 어떤 가치를 반영하나요?,7
913,홍익대학교 교색은 학교 로고에 어떻게 사용되나요?,7
914,홍대 교색은 교내 건물에 어떻게 적용되나요?,7
915,홍익대학교의 교색은 어떤 행사에서 사용되나요?,7
916,홍대 교색은 학교 상징물에 어떻게 표현되나요?,7
917,홍익대학교 교색은 학생들 사이에서 인기가 있나요?,7
918,홍대 교색의 주요 색상은 무엇인가요?,7
919,홍익대학교 교색은 교복에 어떻게 반영되나요?,7
920,홍대 교색은 학교 플래그에 어떻게 사용되나요?,7
921,홍익대학교 교색은 체육복에 어떻게 적용되나요?,7
922,홍대 교색은 학교 마스코트에 어떻게 표현되나요?,7
923,홍익대학교 교색은 학교 행사 포스터에 어떻게 사용되나요?,7
924,홍대 교색은 학교 웹사이트에 어떻게 표현되나요?,7
925,홍익대학교 교색의 주요 특징은 무엇인가요?,7
926,홍대 교색은 학교 슬로건과 어떻게 연결되나요?,7
927,홍익대학교 교색은 학교 기념품에 어떻게 적용되나요?,7
928,홍대 교색은 학교 배너에 어떻게 사용되나요?,7
929,홍익대학교 교색은 학교 홍보물에 어떻게 표현되나요?,7
930,홍대 교색은 학교 스포츠 팀 유니폼에 어떻게 반영되나요?,7
931,홍익대학교 교색은 학교 공식 서류에 어떻게 사용되나요?,7
932,홍대 교색은 학교 행사 장식에 어떻게 적용되나요?,7
933,홍익대학교 교색은 졸업 앨범에 어떻게 표현되나요?,7
934,홍대 교색은 학교 광고에 어떻게 사용되나요?,7
935,홍익대학교 교색은 학교 공식 문서에 어떻게 적용되나요?,7
936,홍대 교색은 학교 배지에 어떻게 표현되나요?,7
937,홍익대학교 교색은 학교 현수막에 어떻게 사용되나요?,7
938,홍대 교색은 학교 출판물에 어떻게 적용되나요?,7
939,홍익대학교 교색은 학교 기념식에서 어떻게 사용되나요?,7
940,홍대 교색은 학교 티셔츠에 어떻게 반영되나요?,7
941,홍익대학교 교색은 학교 깃발에 어떻게 표현되나요?,7
942,홍대 교색은 학교 강의실에 어떻게 사용되나요?,7
943,홍익대학교 교색은 학교 대외 활동에 어떻게 적용되나요?,7
944,홍대 교색은 학교 연간 행사에 어떻게 사용되나요?,7
945,홍익대학교 교색은 학교 홍보 영상에 어떻게 표현되나요?,7
946,홍대 교색은 학교 문구류에 어떻게 적용되나요?,7
947,홍익대학교 교색은 학교 마케팅 자료에 어떻게 사용되나요?,7
948,홍대 교색은 학교 안내 책자에 어떻게 반영되나요?,7
949,홍익대학교 교색은 학교 상패에 어떻게 표현되나요?,7
950,홍대 교색은 학교 공식 SNS에 어떻게 사용되나요?,7
951,홍익대학교 교색은 학교 축제에 어떻게 적용되나요?,7
952,홍대 교색은 학교 차량에 어떻게 반영되나요?,7
953,홍익대학교 교색은 학교 공식 메일에 어떻게 사용되나요?,7
954,홍대 교색은 학교 도서관에 어떻게 표현되나요?,7
955,홍익대학교 교색은 학교 캠퍼스 맵에 어떻게 적용되나요?,7
956,홍대 교색은 학교 건축물에 어떻게 사용되나요?,7
957,홍익대학교 교색은 학교 방송국에 어떻게 표현되나요?,7
958,홍대 교색은 학교 행사 초대장에 어떻게 반영되나요?,7
959,홍익대학교 교색은 학교 동아리 활동에 어떻게 사용되나요?,7
960,홍대 교색은 학교 배너 디자인에 어떻게 적용되나요?,7
961,홍익대학교 교색은 학교 로비 장식에 어떻게 표현되나요?,7
962,홍대 교색은 학교 공식 행사에 어떻게 사용되나요?,7
963,홍익대학교 교색은 학교 포상식에 어떻게 적용되나요?,7
964,홍대 교색은 학교 기념비에 어떻게 반영되나요?,7
965,홍익대학교 교색은 학교 공식 명함에 어떻게 사용되나요?,7
966,홍대 교색은 학교 홈페이지 배경에 어떻게 표현되나요?,7
967,홍익대학교 교색은 학교 공식 트레이닝복에 어떻게 반영되나요?,7
968,홍대 교색은 학교 공식 행사장에 어떻게 사용되나요?,7
969,홍익대학교 교색은 학교 소식지에 어떻게 적용되나요?,7
970,홍대 교색은 학교 연간 보고서에 어떻게 표현되나요?,7
971,홍익대학교 교색은 학교 안내 표지판에 어떻게 반영되나요?,7
972,홍대 교색은 학교 기념식 행사에 어떻게 사용되나요?,7
973,홍익대학교 교색은 학교 뉴스레터에 어떻게 적용되나요?,7
974,홍대 교색은 학교 공식 행진에 어떻게 표현되나요?,7
975,홍익대학교 교색은 학교 홍보 캠페인에 어떻게 사용되나요?,7
976,홍대 교색은 학교 공식 슬로건과 어떻게 연결되나요?,7
977,홍익대학교 교색은 학교 연극 무대에 어떻게 반영되나요?,7
978,홍대 교색은 학교 공식 로고에 어떻게 사용되나요?,7
979,홍익대학교 교색은 학교 공식 연설에 어떻게 적용되나요?,7
980,홍대 교색은 학교 안내 데스크에 어떻게 표현되나요?,7
981,홍익대학교 교색은 학교 공식 사무용품에 어떻게 반영되나요?,7
982,홍대 교색은 학교 전시회에 어떻게 사용되나요?,7
983,홍익대학교 교색은 학교 공식 프레젠테이션에 어떻게 적용되나요?,7
984,홍대 교색은 학교 공식 트로피에 어떻게 표현되나요?,7
985,홍익대학교 교색은 학교 공식 초청장에 어떻게 반영되나요?,7
986,홍대 교색은 학교 공식 기념주화에 어떻게 사용되나요?,7
987,홍익대학교 교색은 학교 공식 이벤트에 어떻게 적용되나요?,7
988,홍대 교색은 학교 공식 연하장에 어떻게 표현되나요?,7
989,홍익대학교 교색은 학교 공식 기념 사진에 어떻게 반영되나요?,7
990,홍대 교색은 학교 공식 배너에 어떻게 사용되나요?,7
991,홍익대학교 교색은 학교 공식 모자에 어떻게 적용되나요?,7
992,홍대 교색은 학교 공식 스티커에 어떻게 표현되나요?,7
993,홍익대학교 교색은 학교 공식 기념 앨범에 어떻게 반영되나요?,7
994,홍대 교색은 학교 공식 포스터에 어떻게 사용되나요?,7
995,홍익대학교 교색은 학교 공식 광고에 어떻게 적용되나요?,7
996,홍대 교색은 학교 공식 블로그에 어떻게 표현되나요?,7
997,홍익대학교 교색은 학교 공식 비디오에 어떻게 반영되나요?,7
998,홍대 교색은 학교 공식 팸플릿에 어떻게 사용되나요?,7
999,홍익대학교 교색은 학교 공식 브로셔에 어떻게 적용되나요?,7
1000,홍대 교색은 학교 공식 인쇄물에 어떻게 표현되나요?,7
1001,홍익대학교 교색은 학교 공식 웹 배너에 어떻게 반영되나요?,7
1002,홍대 교색은 학교 공식 이메일 서명에 어떻게 사용되나요?,7
1003,홍익대학교 교색은 학교 공식 프린트물에 어떻게 적용되나요?,7
1004,홍대 교색은 학교 공식 안내책자에 어떻게 표현되나요?,7
1005,홍익대학교의 주요 상징물은 무엇인가요?,7
1006,홍대의 상징물은 언제 처음 만들어졌나요?,7
1007,홍익대학교 상징물의 의미는 무엇인가요?,7
1008,홍대 상징물은 어떤 형태인가요?,7
1009,홍익대학교의 상징물은 어디에 위치해 있나요?,7
1010,홍대 상징물의 역사는 어떻게 되나요?,7
1011,홍익대학교 상징물은 누구에 의해 만들어졌나요?,7
1012,홍대 상징물은 어떤 재료로 만들어졌나요?,7
1013,홍익대학교 상징물의 주요 색상은 무엇인가요?,7
1014,홍대 상징물은 어떻게 관리되나요?,7
1015,홍익대학교 상징물은 학교 로고에 포함되나요?,7
1016,홍대 상징물의 디자인은 어떻게 결정되었나요?,7
1017,홍익대학교 상징물은 학생들에게 어떤 의미를 가지나요?,7
1018,홍대 상징물은 학교 행사에서 어떻게 사용되나요?,7
1019,홍익대학교 상징물은 교내에서 자주 볼 수 있나요?,7
1020,홍대 상징물의 주요 특징은 무엇인가요?,7
1021,홍익대학교 상징물은 어떤 메시지를 전달하나요?,7
1022,홍대 상징물은 학교 홍보에 어떻게 사용되나요?,7
1023,홍익대학교 상징물은 언제 세워졌나요?,7
1024,홍대 상징물은 어떤 기념비적인 사건을 기념하나요?,7
1025,홍익대학교 상징물은 어떤 조각가에 의해 만들어졌나요?,7
1026,홍대 상징물은 학교의 어떤 가치를 반영하나요?,7
1027,홍익대학교 상징물은 몇 미터의 높이를 가지고 있나요?,7
1028,홍대 상징물은 어떤 형태의 조각인가요?,7
1029,홍익대학교 상징물은 교내 어느 위치에 있나요?,7
1030,홍대 상징물은 학생들 사이에서 인기가 있나요?,7
1031,홍익대학교 상징물은 학교 홈페이지에 어떻게 소개되나요?,7
1032,홍대 상징물은 학교 홍보물에 자주 등장하나요?,7
1033,홍익대학교 상징물의 유지 보수는 어떻게 이루어지나요?,7
1034,홍대 상징물은 학교 기념품에 어떻게 사용되나요?,7
1035,홍익대학교 상징물은 교내 행사에서 어떻게 활용되나요?,7
1036,홍대 상징물은 학생 작품 전시에 포함되나요?,7
1037,홍익대학교 상징물의 제작 과정은 어땠나요?,7
1038,홍대 상징물은 교내 박물관에 전시되나요?,7
1039,홍익대학교 상징물은 학생들이 직접 만든 것인가요?,7
1040,홍대 상징물은 학교 슬로건과 어떻게 연결되나요?,7
1041,홍익대학교 상징물은 교내 건물에 어떻게 적용되나요?,7
1042,홍대 상징물은 교내 장식에 자주 사용되나요?,7
1043,홍익대학교 상징물은 어떤 행사에서 처음 공개되었나요?,7
1044,홍대 상징물은 학교 로고와 어떻게 연관되나요?,7
1045,홍익대학교 상징물은 어떤 재료로 구성되어 있나요?,7
1046,홍대 상징물은 학교 마스코트와 어떻게 연결되나요?,7
1047,홍익대학교 상징물의 크기는 어느 정도인가요?,7
1048,홍대 상징물은 어떤 역사적 사건을 기념하나요?,7
1049,홍익대학교 상징물은 학교 기념일에 어떻게 사용되나요?,7
1050,홍대 상징물은 학교 대표 이미지로 사용되나요?,7
1051,홍익대학교 상징물은 학교 체육 행사에서 어떻게 사용되나요?,7
1052,홍대 상징물은 교내 축제에서 어떻게 활용되나요?,7
1053,홍익대학교 상징물은 학생들이 자주 방문하나요?,7
1054,홍대 상징물은 교내 투어 코스에 포함되나요?,7
1055,홍익대학교 상징물은 학교 브로셔에 어떻게 소개되나요?,7
1056,홍대 상징물은 교내 지도에 표시되어 있나요?,7
1057,홍익대학교 상징물은 학교 역사와 어떤 관련이 있나요?,7
1058,홍대 상징물은 학생들의 졸업 사진에 자주 등장하나요?,7
1059,홍익대학교 상징물은 학교 기념 앨범에 포함되나요?,7
1060,홍대 상징물은 학교 공식 행사에서 어떻게 사용되나요?,7
1061,홍익대학교 상징물은 교내 사진 전시회에 포함되나요?,7
1062,홍대 상징물은 학교 공식 웹사이트에 어떻게 소개되나요?,7
1063,홍익대학교 상징물은 학생들이 자주 이용하나요?,7
1064,홍대 상징물은 학교 광고에 어떻게 사용되나요?,7
1065,홍익대학교 상징물은 학교 공식 행사 초대장에 포함되나요?,7
1066,홍대 상징물은 학교 기념식에서 어떻게 사용되나요?,7
1067,홍익대학교 상징물은 학교 연례 보고서에 포함되나요?,7
1068,홍대 상징물은 학교 뉴스레터에 어떻게 소개되나요?,7
1069,홍익대학교 상징물은 학교 출판물에 자주 등장하나요?,7
1070,홍대 상징물은 학교 공식 SNS에 어떻게 사용되나요?,7
1071,홍익대학교 상징물은 학교 기념물로 제작되나요?,7
1072,홍대 상징물은 학교 홍보 영상에 어떻게 포함되나요?,7
1073,홍익대학교 상징물은 학교 공식 행사에서 어떻게 소개되나요?,7
1074,홍대 상징물은 학교 배너에 어떻게 사용되나요?,7
1075,홍익대학교 상징물은 학교 공식 문서에 어떻게 사용되나요?,7
1076,홍대 상징물은 학교 축제 포스터에 자주 등장하나요?,7
1077,홍익대학교 상징물은 학교 공식 상품에 어떻게 사용되나요?,7
1078,홍대 상징물은 학교 공식 이메일 서명에 포함되나요?,7
1079,홍익대학교 상징물은 학교 공식 트로피에 어떻게 사용되나요?,7
1080,홍대 상징물은 학교 공식 앨범 커버에 포함되나요?,7
1081,홍익대학교 상징물은 학교 공식 프레젠테이션에 사용되나요?,7
1082,홍대 상징물은 학교 공식 이벤트 티켓에 포함되나요?,7
1083,홍익대학교 상징물은 학교 공식 포스터에 어떻게 사용되나요?,7
1084,홍대 상징물은 학교 공식 로고와 어떻게 결합되나요?,7
1085,홍익대학교 상징물은 학교 공식 기념주화에 사용되나요?,7
1086,홍대 상징물은 학교 공식 연하장에 포함되나요?,7
1087,홍익대학교 상징물은 학교 공식 기념 사진에 사용되나요?,7
1088,홍대 상징물은 학교 공식 배너 디자인에 포함되나요?,7
1089,홍익대학교 상징물은 학교 공식 안내 책자에 사용되나요?,7
1090,홍대 상징물은 학교 공식 브로셔에 포함되나요?,7
1091,홍익대학교 상징물은 학교 공식 기념주에 사용되나요?,7
1092,홍대 상징물은 학교 공식 인쇄물에 포함되나요?,7
1093,홍익대학교 상징물은 학교 공식 웹 배너에 사용되나요?,7
1094,홍대 상징물은 학교 공식 이메일 템플릿에 포함되나요?,7
1095,홍익대학교 상징물은 학교 공식 프린트물에 사용되나요?,7
1096,홍대 상징물은 학교 공식 안내책자에 포함되나요?,7
1097,홍익대학교 상징물은 학교 공식 엠블럼에 사용되나요?,7
1098,홍대 상징물은 학교 공식 행사 안내에 포함되나요?,7
1099,홍익대학교 상징물은 학교 공식 상패에 사용되나요?,7
1100,홍대 상징물은 학교 공식 광고판에 포함되나요?,7
1101,홍익대학교 상징물은 학교 공식 기념비에 사용되나요?,7
1102,홍대 상징물은 학교 공식 안내 데스크에 포함되나요?,7
1103,홍익대학교 상징물은 학교 공식 포상식에서 사용되나요?,7
1104,홍대 상징물은 학교 공식 행사 리플릿에 포함되나요?,7
1105,오늘 뭐 먹어?,1
1106,오늘 메뉴는 뭐야?,1
1107,오늘 식사 계획은?,1
1108,오늘 뭐 드실 거예요?,1
1109,오늘 점심 뭐야?,1
1110,오늘 저녁 뭐 먹지?,1
1111,오늘 밥 뭐야?,1
1112,오늘의 식단은?,1
1113,오늘 먹을 음식은?,1
1114,오늘 끼니는 뭘로 할까?,1
1115,오늘 중식 뭐 먹어?,1
1116,오늘 점심에 뭐 먹을 거야?,1
1117,오늘 점심 메뉴는?,1
1118,오늘 중식으로 뭐 먹지?,1
1119,오늘 중식 식단은?,1
1120,오늘 점심으로 뭐 먹을까?,1
1121,오늘 점심 뭐 먹을 거야?,1
1122,오늘 중식 계획은 뭐야?,1
1123,오늘 점심 뭐야?,1
1124,오늘 점심 뭐 드실 거예요?,1
1125,학생 식당 오늘 메뉴 뭐야?,1
1126,학생 식당 오늘 뭐 나와?,1
1127,학생 식당에서 뭐 먹어?,1
1128,오늘 학생 식당 메뉴는 뭐야?,1
1129,오늘 학식 뭐야?,1
1130,오늘 학식 메뉴는?,1
1131,오늘 학생 식당에 뭐 나와?,1
1132,학식 메뉴 뭐 있어?,1
1133,오늘 학식으로 뭐 먹지?,1
1134,학생 식당 오늘 뭐 먹을 수 있어?,1
1135,학생 식당 오늘 뭐 있어?,1
1136,오늘 학생 식당에서 뭐 먹지?,1
1137,학생 식당 메뉴 오늘 뭐야?,1
1138,오늘 학식 뭐 나오지?,1
1139,오늘 학식에서 뭐 먹어?,1
1140,오늘 학생 식당 뭐 줄까?,1
1141,학생 식당에서 오늘 뭐 나와?,1
1142,오늘 학식 뭐 있지?,1
1143,오늘 학식에 뭐 나와?,1
1144,학생 식당에 오늘 뭐 있어?,1
1145,어제 아침 뭐 먹었어?,1
1146,오늘 저녁 메뉴는 뭐야?,1
1147,내일 점심 뭐 먹지?,1
1148,어제 점심 뭐였어?,1
1149,오늘 아침 뭐 먹을 거야?,1
1150,내일 저녁 뭐 먹을까?,1
1151,어제 저녁 메뉴는 뭐였어?,1
1152,오늘 점심에 뭐 나와?,1
1153,내일 아침 메뉴는 뭐야?,1
1154,어제 저녁 뭐 먹었어?,1
1155,오늘 조식 메뉴가 뭐야?,1
1156,어제 중식 뭐 먹었어?,1
1157,내일 석식 뭐 먹을 거야?,1
1158,어제 조식은 뭐였어?,1
1159,오늘 중식으로 뭐 나와?,1
1160,내일 조식 메뉴는 뭐야?,1
1161,어제 석식 뭐였어?,1
1162,오늘 석식 뭐 먹지?,1
1163,내일 중식은 뭐 먹을까?,1
1164,어제 중식 메뉴 뭐였어?,1
1165,학생식당 어디야?,1
1166,기숙사 식당은 어디 있어?,1
1167,학생식당 위치가 어디야?,1
1168,기숙사 식당 찾아가려면 어디로 가야 해?,1
1169,학생식당 어떻게 가?,1
1170,기숙사 식당은 어디로 가야 해?,1
1171,학생식당 가는 길 좀 알려줘.,1
1172,기숙사 식당은 어디에 있어?,1
1173,학생식당 위치 좀 알려줘.,1
1174,기숙사 식당 어디 있는지 아니?,1
1175,학생식당 찾아가는 방법 알려줄래?,1
1176,기숙사 식당 어디로 가야 하는지 알려줘.,1
1177,학생식당 가는 길 알아?,1
1178,기숙사 식당 어디서 찾아?,1
1179,학생식당 어디에 위치해?,1
1180,기숙사 식당 어디 있는지 알려줘.,1
1181,학생식당 위치 안내해 줄래?,1
1182,기숙사 식당 어떻게 가는지 알아?,1
1183,학생식당으로 가려면 어디로 가야 해?,1
1184,기숙사 식당 어디로 가면 돼?,1
1185,학생식당 위치는 어디야?,1
1186,기숙사 식당 찾아가려면 어디로 가면 돼?,1
1187,학생식당 몇 시에 열어?,1
1188,기숙사 식당 몇 시까지 운영해?,1
1189,학생식당 메뉴는 어떻게 확인해?,1
1190,기숙사 식당 메뉴 어디서 볼 수 있어?,1
1191,학생식당 예약 필요해?,1
1192,기숙사 식당 예약 방법 알려줘.,1
1193,학생식당 오늘 메뉴는 뭐야?,1
1194,기숙사 식당 오늘 뭐 나와?,1
1195,학생식당 가격은 얼마야?,1
1196,기숙사 식당 식비는 얼마야?,1
1197,학생식당 음식 맛있어?,1
1198,기숙사 식당 추천 메뉴 있어?,1
1199,학생식당에서 채식 메뉴 있나?,1
1200,기숙사 식당에 비건 옵션 있니?,1
1201,학생식당 혼잡한 시간은 언제야?,1
1202,기숙사 식당 언제 가면 덜 붐벼?,1
1203,학생식당에서 테이크아웃 가능해?,1
1204,기숙사 식당 포장할 수 있어?,1
1205,학생식당에 앉을 자리 있나?,1
1206,기숙사 식당 자리 예약할 수 있어?,1
1207,학생식당에 주말에도 열어?,1
1208,기숙사 식당 주말 운영하니?,1
1209,도서관 열람실 좌석이 지금 얼마나 남았나요?,9
1210,열람실 좌석 현황을 알려주세요.,9
1211,도서관 열람실 자리가 꽉 찼나요?,9
1212,열람실에 빈 좌석이 있나요?,9
1213,도서관 열람실 좌석 예약이 가능한가요?,9
1214,열람실 좌석이 현재 얼마나 비어 있나요?,9
1215,도서관 열람실에 앉을 자리가 남아 있나요?,9
1216,열람실 좌석 배치도를 볼 수 있나요?,9
1217,도서관 열람실 좌석 이용률이 어떻게 되나요?,9
1218,열람실 좌석이 얼마나 차있나요?,9
1219,도서관 열람실에서 빈 좌석 찾기가 어려운가요?,9
1220,열람실 좌석 현황을 실시간으로 확인할 수 있나요?,9
1221,도서관 열람실 자리가 넉넉한가요?,9
1222,열람실 좌석 예약 시스템이 있나요?,9
1223,도서관 열람실 좌석 점유율이 얼마나 되나요?,9
1224,열람실에 이용 가능한 좌석이 얼마나 있나요?,9
1225,도서관 열람실 좌석이 지금 많이 비었나요?,9
1226,열람실 좌석 상황이 궁금해요.,9
1227,도서관 열람실에 자리가 부족한가요?,9
1228,열람실 좌석 이용 가능 여부를 알고 싶어요.,9
1229,도서관 열람실 좌석이 지금 다 찼나요?,9
1230,열람실에 빈 좌석이 몇 개 있나요?,9
1231,도서관 열람실 좌석을 실시간으로 확인할 수 있나요?,9
1232,열람실 좌석이 얼마큼 비어 있나요?,9
1233,도서관 열람실 좌석 예약이 가능한지 궁금해요.,9
1234,열람실에 자리가 많이 남아 있나요?,9
1235,도서관 열람실 좌석 현황을 실시간으로 볼 수 있나요?,9
1236,열람실 좌석 이용 상태를 알고 싶어요.,9
1237,도서관 열람실에 앉을 자리 찾기가 힘든가요?,9
1238,열람실 좌석을 온라인으로 확인할 수 있나요?,9
1239,도서관 열람실 좌석이 얼마나 차 있는지 알려주세요.,9
1240,열람실에 빈 자리가 있나요?,9
1241,도서관 열람실 좌석 이용률이 높은가요?,9
1242,열람실 좌석 현황을 알 수 있는 방법이 있나요?,9
1243,도서관 열람실 좌석이 지금 많이 찼나요?,9
1244,열람실에 이용 가능한 자리가 있나요?,9
1245,도서관 열람실 좌석 예약 시스템이 어떻게 되나요?,9
1246,열람실 좌석이 얼마만큼 비어 있나요?,9
1247,도서관 열람실 좌석 점유율이 높나요?,9
1248,열람실에 빈 자리가 많나요?,9
1249,도서관 열람실 좌석을 미리 예약할 수 있나요?,9
1250,열람실 좌석 현황을 실시간으로 확인할 방법이 있나요?,9
1251,도서관 열람실 좌석이 얼마나 이용되고 있나요?,9
1252,열람실에 자리가 얼마나 남았는지 알려주세요.,9
1253,도서관 열람실 좌석 이용 가능 여부를 알고 싶어요.,9
1254,열람실 좌석이 지금 꽉 찼나요?,9
1255,도서관 열람실에 빈 좌석이 얼마나 있나요?,9
1256,열람실 좌석 상태를 실시간으로 볼 수 있나요?,9
1257,도서관 열람실 좌석이 얼마나 비어 있나요?,9
1258,열람실 좌석 현황을 알려주는 시스템이 있나요?,9
1259,도서관 열람실 자리가 지금 남아 있나요?,9
1260,열람실에 이용 가능한 좌석이 몇 개 있나요?,9
1261,도서관 열람실 좌석을 사전 예약할 수 있나요?,9
1262,열람실 좌석 점유율이 궁금해요.,9
1263,도서관 열람실에 자리가 얼마나 있는지 알고 싶어요.,9
1264,열람실 좌석 현황을 어디서 볼 수 있나요?,9
1265,도서관 열람실 좌석이 다 찼는지 확인할 수 있나요?,9
1266,열람실에 빈 좌석을 찾기가 쉬운가요?,9
1267,도서관 열람실 좌석 이용 상태를 실시간으로 볼 수 있나요?,9
1268,열람실 좌석이 얼마나 비어 있는지 알고 싶어요.,9
1269,도서관 열람실 좌석 예약 상황을 알 수 있나요?,9
1270,열람실에 자리가 얼마나 남아 있나요?,9
1271,도서관 열람실 좌석 현황을 실시간으로 알 수 있는 방법이 있나요?,9
1272,열람실 좌석이 얼마나 이용되고 있는지 궁금해요.,9
1273,도서관 열람실에 빈 자리가 있는지 알고 싶어요.,9
1274,열람실 좌석 상태를 확인할 수 있나요?,9
1275,도서관 열람실 좌석이 얼마나 비어 있는지 알려주세요.,9
1276,열람실 좌석 현황을 알 수 있나요?,9
1277,도서관 열람실 자리가 지금 얼마나 비어 있나요?,9
1278,열람실에 빈 자리가 얼마나 있는지 궁금해요.,9
1279,도서관 열람실 좌석 이용률을 실시간으로 볼 수 있나요?,9
1280,열람실 좌석이 얼마나 비어 있는지 알고 싶어요.,9
1281,도서관 열람실 좌석 현황을 어디서 확인할 수 있나요?,9
1282,열람실에 자리가 지금 얼마나 남아 있나요?,9
1283,도서관 열람실 좌석 현황을 실시간으로 볼 수 있는 방법이 있나요?,9
1284,열람실 좌석이 얼마나 이용되고 있는지 확인할 수 있나요?,9
1285,도서관 열람실에 빈 자리가 있는지 알려주세요.,9
1286,열람실 좌석 상태를 실시간으로 확인할 수 있나요?,9
1287,도서관 열람실 좌석이 얼마나 비어 있는지 확인할 수 있나요?,9
1288,열람실 좌석 현황을 실시간으로 알려주는 시스템이 있나요?,9
1289,도서관 열람실 자리가 지금 얼마나 남아 있는지 궁금해요.,9
1290,열람실에 빈 자리가 얼마나 있는지 알려주세요.,9
1291,도서관 열람실 좌석 이용률을 확인할 수 있나요?,9
1292,열람실 좌석이 얼마나 비어 있는지 알고 싶어요.,9
1293,도서관 열람실 좌석 현황을 어디서 볼 수 있나요?,9
1294,열람실에 자리가 얼마나 남아 있는지 확인할 수 있나요?,9
1295,도서관 열람실 좌석 현황을 실시간으로 볼 수 있나요?,9
1296,열람실 좌석이 얼마나 이용되고 있는지 알려주세요.,9
1297,도서관 열람실에 빈 자리가 얼마나 있는지 알고 싶어요.,9
1298,열람실 좌석 상태를 확인할 방법이 있나요?,9
1299,도서관 열람실 좌석이 얼마나 비어 있는지 알려주는 시스템이 있나요?,9
1300,열람실 좌석 현황을 실시간으로 알려주세요.,9
1301,도서관 열람실 자리가 지금 얼마나 있는지 알고 싶어요.,9
1302,열람실에 빈 자리가 얼마나 있는지 확인할 수 있나요?,9
1303,도서관 열람실 좌석 이용률을 어디서 볼 수 있나요?,9
1304,열람실 좌석이 얼마나 비어 있는지 확인할 방법이 있나요?,9
1305,도서관 열람실 좌석 현황을 실시간으로 알 수 있나요?,9
1306,열람실 좌석이 얼마나 이용되고 있는지 궁금해요.,9
1307,도서관 열람실에 빈 자리가 얼마나 있는지 알려주세요.,9
1308,열람실 좌석 상태를 실시간으로 알 수 있는 방법이 있나요?,9
1309,학과 졸업 요건이 어떻게 되나요?,8
1310,졸업하려면 몇 학점을 이수해야 하나요?,8
1311,졸업 논문 제출이 필수인가요?,8
1312,졸업에 필요한 필수 과목이 무엇인가요?,8
1313,졸업 요건 중 외국어 능력 시험이 포함되나요?,8
1314,졸업을 위해 필요한 평점은 얼마인가요?,8
1315,졸업에 필요한 선택 과목은 무엇인가요?,8
1316,인턴십 경험이 졸업 요건에 포함되나요?,8
1317,졸업을 위해 몇 학기를 수료해야 하나요?,8
1318,졸업 프로젝트가 필수인가요?,8
1319,졸업을 위해 필요한 총 학점은 얼마인가요?,8
1320,졸업 필수 과목 목록을 알려주세요.,8
1321,졸업을 위한 학과별 세부 요건이 있나요?,8
1322,졸업에 필요한 교양 과목은 무엇인가요?,8
1323,졸업에 필요한 영어 성적 기준이 있나요?,8
1324,졸업을 위한 필수 시험이 있나요?,8
1325,졸업 요건 중 실습 과목이 포함되나요?,8
1326,졸업에 필요한 봉사 활동 시간이 있나요?,8
1327,졸업 논문 주제는 어떻게 정하나요?,8
1328,졸업을 위해 어떤 자격증이 필요한가요?,8
1329,졸업에 필요한 전공 과목은 무엇인가요?,8
1330,졸업을 위해 교환학생 프로그램이 필수인가요?,8
1331,졸업 요건에 포함된 필수 실험 과목이 있나요?,8
1332,졸업을 위한 필수 세미나는 무엇인가요?,8
1333,졸업에 필요한 평점 평균 기준이 있나요?,8
1334,졸업 논문 심사 절차는 어떻게 되나요?,8
1335,졸업을 위해 필수적으로 들어야 하는 과목이 몇 개인가요?,8
1336,졸업 요건 중 연구 프로젝트가 포함되나요?,8
1337,졸업을 위한 필수 인증서가 있나요?,8
1338,졸업에 필요한 교양 과목 학점은 얼마인가요?,8
1339,졸업 요건 중 필수 컴퓨터 과목이 있나요?,8
1340,졸업을 위해 몇 번의 학기말 시험을 봐야 하나요?,8
1341,졸업 논문 작성 기준은 무엇인가요?,8
1342,졸업을 위한 총 이수 학점은 얼마인가요?,8
1343,졸업에 필요한 필수 세미나가 있나요?,8
1344,졸업 요건 중 해외 연수가 포함되나요?,8
1345,졸업을 위해 필요한 선택 과목 학점은 얼마인가요?,8
1346,졸업 논문 제출 기한은 언제인가요?,8
1347,졸업을 위해 어떤 필수 워크숍이 있나요?,8
1348,졸업 요건 중 리더십 프로그램이 포함되나요?,8
1349,졸업을 위해 필요한 필수 인턴십 시간은 얼마인가요?,8
1350,졸업에 필요한 연구 프로젝트가 있나요?,8
1351,졸업 논문 발표는 어떻게 진행되나요?,8
1352,졸업을 위한 필수 실습 시간이 있나요?,8
1353,졸업 요건 중 사회봉사 활동이 포함되나요?,8
1354,졸업을 위해 필요한 필수 자격 시험이 있나요?,8
1355,졸업에 필요한 필수 세미나 학점은 얼마인가요?,8
1356,졸업 논문 심사 기준은 무엇인가요?,8
1357,졸업을 위한 교과목 이수 순서가 있나요?,8
1358,졸업 요건 중 필수 외국어 과목이 있나요?,8
1359,졸업을 위해 필요한 선택 과목 수는 얼마인가요?,8
1360,졸업 논문 형식은 어떻게 되나요?,8
1361,졸업에 필요한 인턴십 기간은 얼마인가요?,8
1362,졸업 요건 중 봉사 활동 시간이 얼마인가요?,8
1363,졸업을 위해 필수로 들어야 하는 과목 목록은 무엇인가요?,8
1364,졸업 논문 제출 방식은 어떻게 되나요?,8
1365,졸업에 필요한 필수 연구 과목이 있나요?,8
1366,졸업 요건 중 프로젝트 과제가 있나요?,8
1367,졸업을 위해 필요한 교양 과목 수는 얼마인가요?,8
1368,졸업 논문 작성 시 참고할 자료가 있나요?,8
1369,졸업에 필요한 총 평점 평균은 얼마인가요?,8
1370,졸업 요건 중 필수 발표 과제가 있나요?,8
1371,졸업을 위해 필요한 인턴십 보고서가 있나요?,8
1372,졸업 논문 제출 후 심사 기간은 얼마인가요?,8
1373,졸업에 필요한 실험 과목 수는 얼마인가요?,8
1374,졸업 요건 중 필수 강의가 있나요?,8
1375,졸업을 위해 필요한 총 이수 과목 수는 얼마인가요?,8
1376,졸업 논문 심사 위원은 어떻게 구성되나요?,8
1377,졸업에 필요한 필수 필기 시험이 있나요?,8
1378,졸업 요건 중 워크숍 참여가 포함되나요?,8
1379,졸업을 위해 필요한 필수 세미나 수는 얼마인가요?,8
1380,졸업 논문 작성 방법을 알려주세요.,8
1381,졸업에 필요한 필수 선택 과목은 무엇인가요?,8
1382,졸업 요건 중 프로젝트 발표가 있나요?,8
1383,졸업을 위해 필요한 필수 연구 보고서가 있나요?,8
1384,졸업 논문 제출 시 요구되는 자료는 무엇인가요?,8
1385,졸업에 필요한 필수 컴퓨터 과목 수는 얼마인가요?,8
1386,졸업 요건 중 팀 프로젝트가 있나요?,8
1387,졸업을 위해 필요한 필수 인턴십 보고서 양식은 무엇인가요?,8
1388,졸업 논문 작성 시 참고해야 할 가이드라인이 있나요?,8
1389,졸업에 필요한 필수 실습 과목 수는 얼마인가요?,8
1390,졸업 요건 중 해외 연수 프로그램이 있나요?,8
1391,졸업을 위해 필요한 필수 워크숍 수는 얼마인가요?,8
1392,졸업 논문 제출 후 발표 절차는 어떻게 되나요?,8
1393,졸업에 필요한 필수 발표 과목이 있나요?,8
1394,졸업 요건 중 리더십 프로그램 참여가 있나요?,8
1395,졸업을 위해 필요한 필수 세미나 발표는 어떻게 하나요?,8
1396,졸업 논문 형식과 제출 방법을 알려주세요.,8
1397,졸업에 필요한 필수 사회봉사 시간이 있나요?,8
1398,졸업 요건 중 필수 연구 과제가 있나요?,8
1399,졸업을 위해 필요한 필수 인턴십 기간은 얼마인가요?,8
1400,졸업 논문 작성 시 유의사항이 있나요?,8
1401,졸업에 필요한 필수 선택 과목 수는 얼마인가요?,8
1402,졸업 요건 중 필수 컴퓨터 프로그램이 있나요?,8
1403,졸업을 위해 필요한 필수 실험 시간은 얼마인가요?,8
1404,졸업 논문 제출 후 심사 과정은 어떻게 되나요?,8
1405,졸업에 필요한 필수 교양 과목은 무엇인가요?,8
1406,졸업 요건 중 팀 프로젝트 발표가 있나요?,8
1407,졸업을 위해 필요한 필수 인턴십 성적 기준이 있나요?,8
1408,졸업 논문 작성 시 필요한 자료는 무엇인가요?,8
1409,이번 학기 학사 일정 알려줄래?,4
1410,다음 학기 학사 일정 어떻게 되지?,4
1411,학사 일정 어디서 확인할 수 있어?,4
1412,중간고사 기간은 언제야?,4
1413,기말고사 일정 좀 알려줘.,4
1414,수강신청 기간이 언제야?,4
1415,졸업식 날짜가 언제야?,4
1416,종강 날짜는 언제야?,4
1417,개강 날짜 좀 알려줘.,4
1418,수업 시작일은 언제야?,4
1419,휴강일 언제인지 알아?,4
1420,방학 기간이 언제부터 언제까지야?,4
1421,등록금 납부 기간이 언제야?,4
1422,성적 발표일은 언제야?,4
1423,학기 종료일 알려줄래?,4
1424,재수강 신청 기간이 언제야?,4
1425,수강 정정 기간은 언제야?,4
1426,학기 시작일 언제야?,4
1427,휴학 신청 기간이 언제야?,4
1428,복학 신청 기간은 언제야?,4
1429,강의 평가 기간 언제야?,4
1430,학사일정 캘린더 어디서 확인해?,4
1431,과제 제출 마감일 언제야?,4
1432,수업 종료일은 언제야?,4
1433,졸업 신청 기간이 언제야?,4
1434,학사 일정이 어디에 게시돼 있어?,4
1435,학기별 학사 일정 좀 알려줘.,4
1436,이번 학기 중요한 날짜 알려줄래?,4
1437,학사 일정 변경된 거 있어?,4
1438,수강 철회 기간이 언제야?,4
1439,홍익대학교 졸업식 날짜 언제야?,4
1440,홍익대학교 개강 날짜 좀 알려줘.,4
1441,홍익대 중간고사 기간은 언제야?,4
1442,홍익대학교 기말고사 일정 어떻게 돼?,4
1443,홍익대 수강신청 기간이 언제야?,4
1444,홍익대 종강 날짜는 언제야?,4
1445,홍익대학교 방학 기간 언제야?,4
1446,홍익대 등록금 납부 기간 알려줄래?,4
1447,홍익대 성적 발표일 언제야?,4
1448,홍익대 학기 종료일 언제야?,4
1449,홍익대학교 재수강 신청 기간 언제야?,4
1450,홍익대 수강 정정 기간 알려줘.,4
1451,홍익대 휴강일 언제인지 알아?,4
1452,홍익대 학기 시작일 알려줄래?,4
1453,홍익대학교 휴학 신청 기간 언제야?,4
1454,홍익대 복학 신청 기간이 언제야?,4
1455,홍익대 강의 평가 기간 알려줘.,4
1456,홍익대 과제 제출 마감일 언제야?,4
1457,홍익대학교 수업 종료일 언제야?,4
1458,홍익대학교 졸업 신청 기간 알려줘.,4
1459,홍익대학교 학사 일정 어디서 확인할 수 있어?,4
1460,홍익대 학사 캘린더 좀 볼 수 있을까?,4
1461,홍익대 학사 일정표 어디서 찾아?,4
1462,홍익대 수업 일정 알려줄래?,4
1463,홍익대학교 시험 기간은 언제야?,4
1464,홍익대 시험 일정 알고 싶어.,4
1465,홍익대 수업 시작 날짜 알려줄 수 있어?,4
1466,홍익대학교 강의 시작일 언제야?,4
1467,홍익대 방학 언제부터야?,4
1468,홍익대학교 방학이 언제 시작돼?,4
1469,홍익대 성적 발표 언제 해?,4
1470,홍익대학교 성적 나오는 날 알아?,4
1471,홍익대 학기 종료일이 언제지?,4
1472,홍익대 휴강일정 알려줄래?,4
1473,홍익대 휴일은 언제야?,4
1474,홍익대학교 공휴일 알려줘.,4
1475,홍익대 수강 변경 기간 언제야?,4
1476,홍익대 졸업일 언제인지 알아?,4
1477,홍익대 학사 마감일 언제야?,4
1478,홍익대학교 학사 진행 일정 알고 싶어.,4
1479,홍익대학교 학사 캘린더 보여줘.,4
1480,학교 전체 일정 알려줘.,4
1481,이번 학기 캘린더 볼 수 있을까?,4
1482,홍익대 일정표 보여줄래?,4
1483,학교 행사 일정 좀 보여줘.,4
1484,이번 학기 전체 일정 어디서 봐?,4
1485,학사 캘린더 링크 줄 수 있어?,4
1486,홍익대학교 캘린더 파일로 받을 수 있어?,4
1487,학교 캘린더 공유해줄래?,4
1488,전체 학사 일정 어떻게 돼?,4
1489,학교 행사 날짜 좀 알려줘.,4
1490,이번 학기 학사 캘린더 어디서 확인해?,4
1491,학교 연간 일정 볼 수 있을까?,4
1492,홍익대 학사 일정표 좀 보여줘.,4
1493,학교 캘린더 파일로 제공해줄 수 있어?,4
1494,학교 일정 어디서 확인할 수 있어?,4
1495,홍익대 연간 일정표 보여줄래?,4
1496,학교 중요한 일정 알려줘.,4
1497,이번 학기 주요 일정 볼 수 있어?,4
1498,학사 캘린더 전체 파일 어디서 구해?,4
1499,홍익대학교 학사일정 변경된 내용 있어?,4
1500,홍익대 휴일 일정 어디서 확인해?,4
1501,홍익대 학사일정 이메일로 받을 수 있어?,4
1502,홍익대학교 시험 일정 변경된 거 있어?,4
1503,홍익대 졸업식 시간 알려줄래?,4
1504,홍익대 개강식 날짜가 언제야?,4
1505,홍익대 방학식 일정 알려줘.,4
1506,홍익대학교 학사 일정 알림 받을 수 있어?,4
1507,홍익대 학사 일정은 어떻게 계획돼 있어?,4
1508,홍익대 수강신청 변경 기간은 언제야?,4
1509,서점 어디에 있어?,2
1510,문구점 위치가 어디야?,2
1511,서점 찾아가려면 어디로 가야 해?,2
1512,문구점은 어디로 가면 돼?,2
1513,서점 위치 좀 알려줘.,2
1514,문구점 어디서 찾아?,2
1515,서점 어떻게 가?,2
1516,문구점 위치 안내해 줄래?,2
1517,서점 어디에 위치해 있어?,2
1518,문구점 어디 있는지 알려줄래?,2
1519,편의점 어디야?,2
1520,편의점 위치가 어디야?,2
1521,편의점 찾아가려면 어디로 가야 해?,2
1522,편의점은 어디로 가면 돼?,2
1523,편의점 위치 좀 알려줘.,2
1524,편의점 어디서 찾아?,2
1525,편의점 어떻게 가?,2
1526,편의점 위치 안내해 줄래?,2
1527,편의점 어디에 위치해 있어?,2
1528,편의점 어디 있는지 알려줄래?,2
1529,근처에 카페나무 어디 있어?,2
1530,여기서 가까운 캠퍼 위치가 어디야?,2
1531,스타벅스는 어디에 있어?,2
1532,메가커피 위치 좀 알려줘.,2
1533,파브리카 어디서 찾아?,2
1534,카페아이엔지 어떻게 가?,2
1535,푸르타 카페 어디야?,2
1536,근처에 그라찌에 어디 있어?,2
1537,여기서 제일 가까운 카페나무는 어디야?,2
1538,캠퍼 카페 위치가 어디야?,2
1539,카페 위치 좀 알려줘.,2
1540,카페 어디에 위치해 있어?,2
1541,근처에 있는 카페 어디야?,2
1542,카페 찾아가는 길 좀 알려줄래?,2
1543,여기서 가장 가까운 카페는 어디야?,2
1544,근처 카페 위치 알아?,2
1545,카페 어떻게 가?,2
1546,카페 위치 안내해 줄래?,2
1547,카페 어디 있는지 알려줄래?,2
1548,이 주변에 카페 어디 있어?,2
1549,도서관 어디야?,2
1550,열람실 위치가 어디야?,2
1551,도서관 찾아가려면 어디로 가야 해?,2
1552,열람실은 어디로 가면 돼?,2
1553,도서관 위치 좀 알려줘.,2
1554,열람실 어디서 찾아?,2
1555,도서관 어떻게 가?,2
1556,열람실 위치 안내해 줄래?,2
1557,도서관 어디에 위치해 있어?,2
1558,열람실 어디 있는지 알려줄래?,2
1559,PC실 어디야?,2
1560,복사하는 곳 위치가 어디야?,2
1561,PC실 찾아가려면 어디로 가야 해?,2
1562,복사기는 어디에 있어?,2
1563,PC실 위치 좀 알려줘.,2
1564,복사하는 곳 어디서 찾아?,2
1565,PC실 어떻게 가?,2
1566,복사기 위치 안내해 줄래?,2
1567,PC실 어디에 위치해 있어?,2
1568,복사기 어디 있는지 알려줄래?,2
1569,신한은행 어디야?,2
1570,국민은행 위치가 어디야?,2
1571,근처에 ATM 어디 있어?,2
1572,신한은행 찾아가려면 어디로 가야 해?,2
1573,국민은행은 어디로 가면 돼?,2
1574,신한은행 위치 좀 알려줘.,2
1575,국민은행 어디서 찾아?,2
1576,ATM 어디에 있어?,2
1577,신한은행 어떻게 가?,2
1578,국민은행 위치 안내해 줄래?,2
1579,학생회관 어디야?,2
1580,체육관 위치가 어디야?,2
1581,보건실은 어디에 있어?,2
1582,우체국 어디 있어?,2
1583,복사실 어디에 있지?,2
1584,안내 데스크는 어디야?,2
1585,주차장 위치 알려줘.,2
1586,기숙사 어디에 있어?,2
1587,샤워실 어디야?,2
1588,택배 보관소는 어디야?,2
1589,커피숍 어디에 있어?,2
1590,매점 위치가 어디야?,2
1591,운동장 어디 있어?,2
1592,컴퓨터실 어떻게 가?,2
1593,스터디룸은 어디에 있어?,2
1594,정수기 어디 있어?,2
1595,탈의실은 어디에 있어?,2
1596,쓰레기장 위치가 어디야?,2
1597,자판기 어디에 있어?,2
1598,흡연구역은 어디에 있어?,2
1599,캠퍼스맵 보여줄 수 있어?,2
1600,캠퍼스맵 어디서 볼 수 있어?,2
1601,캠퍼스맵을 어디서 구할 수 있지?,2
1602,캠퍼스맵을 다운로드할 수 있나?,2
1603,캠퍼스맵 링크 좀 줄래?,2
1604,캠퍼스맵 볼 수 있는 곳 알려줘.,2
1605,최신 캠퍼스맵 어디서 확인해?,2
1606,캠퍼스맵 어떻게 봐?,2
1607,캠퍼스맵을 어디서 찾을 수 있어?,2
1608,캠퍼스맵 어디서 얻을 수 있어?,2
1609,컴퓨터공학과 공지사항 어디서 확인해?,5
1610,경제학부 공지사항 좀 알려줘.,5
1611,영어교육과 공지사항 볼 수 있을까?,5
1612,신소재공학과 공지사항 확인해줄래?,5
1613,경영학부 공지사항은 어디에 있어?,5
1614,화학공학과 공지사항 알려줄래?,5
1615,법학부 공지사항 볼 수 있어?,5
1616,기계·시스템디자인공학과 공지사항 어디서 볼 수 있지?,5
1617,건축학부 공지사항은 어디서 확인해?,5
1618,독어독문학과 공지사항 알려줄래?,5
1619,산업·데이터공학과 공지사항 볼 수 있을까?,5
1620,경영학전공 공지사항 어디서 볼 수 있어?,5
1621,도시공학과 공지사항 확인할 수 있어?,5
1622,역사교육과 공지사항은 어디에 있지?,5
1623,바이오헬스융합학부 공지사항 알려줘.,5
1624,조소과 공지사항은 어디서 확인할 수 있어?,5
1625,전자전기공학과 공지사항 볼 수 있어?,5
1626,도예유리과 공지사항 어디서 확인해?,5
1627,실내건축학전공 공지사항 알려줄래?,5
1628,패션디자인과 공지사항 어디서 볼 수 있어?,5
1629,수학교육과 공지사항 어디서 확인해?,5
1630,국어교육과 공지사항 알려줄래?,5
1631,동양화과 공지사항 볼 수 있을까?,5
1632,섬유미술패션디자인과 공지사항 알려줘.,5
1633,음악학부 공지사항 어디서 확인할 수 있어?,5
1634,철학과 공지사항 볼 수 있어?,5
1635,미술사학과 공지사항 어디서 볼 수 있지?,5
1636,심리학과 공지사항 알려줄래?,5
1637,정치외교학과 공지사항 확인할 수 있어?,5
1638,지식재산학과 공지사항은 어디서 확인해?,5
1639,컴퓨터공학과 최신 소식 어디서 확인해?,5
1640,경제학부 최근 공지 어디서 볼 수 있어?,5
1641,영어교육과 중요한 발표는 어디에 있어?,5
1642,신소재공학과 뉴스는 어디서 확인할 수 있어?,5
1643,경영학부 업데이트된 정보 어디서 찾아?,5
1644,화학공학과 새 공지는 어디에 있지?,5
1645,법학부 알림사항은 어디서 볼 수 있어?,5
1646,기계·시스템디자인공학과 최근 발표 어디서 확인해?,5
1647,건축학부 새로운 소식은 어디에 있어?,5
1648,독어독문학과 최신 정보 어디서 볼 수 있어?,5
1649,산업·데이터공학과 공지 업데이트 어디서 확인해?,5
1650,경영학전공 알림은 어디에 있지?,5
1651,도시공학과 최근 소식 어디서 확인할 수 있어?,5
1652,역사교육과 최신 발표 어디서 볼 수 있어?,5
1653,바이오헬스융합학부 중요한 공지 어디에 있어?,5
1654,조소과 최신 정보는 어디서 확인해?,5
1655,전자전기공학과 새로운 공지 어디서 볼 수 있어?,5
1656,도예유리과 소식은 어디에서 확인해?,5
1657,실내건축학전공 알림사항은 어디에 있지?,5
1658,패션디자인과 새로운 정보 어디서 볼 수 있어?,5
1659,컴퓨터공학과 시험일정 어디서 확인해?,5
1660,경제학부 그레이더 모집 공고 있나?,5
1661,영어교육과 봉사시간 어디서 신청해?,5
1662,신소재공학과 장학금 정보는 어디서 볼 수 있어?,5
1663,경영학부 시험일정 알려줄 수 있어?,5
1664,화학공학과 그레이더 모집 일정 있지?,5
1665,법학부 봉사시간 관련 정보 어디서 확인해?,5
1666,기계·시스템디자인공학과 장학금 신청 방법 알려줘.,5
1667,건축학부 시험일정 어디서 확인할 수 있어?,5
1668,독어독문학과 그레이더 모집 공고 어디서 볼 수 있어?,5
1669,산업·데이터공학과 봉사시간 정보 알려줄래?,5
1670,경영학전공 장학금 신청 기간 언제야?,5
1671,도시공학과 시험일정 볼 수 있을까?,5
1672,역사교육과 그레이더 모집 정보 어디서 확인해?,5
1673,바이오헬스융합학부 봉사시간 어디서 신청해?,5
1674,조소과 장학금 정보 어디서 확인할 수 있어?,5
1675,전자전기공학과 시험일정 알려줄래?,5
1676,도예유리과 그레이더 모집 안내 어디 있어?,5
1677,실내건축학전공 봉사시간 신청 방법 알려줘.,5
1678,패션디자인과 장학금 신청 어디서 해?,5
1679,컴퓨터공학과 공지사항 어디서 확인해?,5
1680,컴퓨터공학과 최신 공지 알려줘.,5
1681,컴퓨터공학과 공지 업데이트 어디서 볼 수 있어?,5
1682,컴퓨터공학과 중요한 공지사항 뭐야?,5
1683,컴퓨터공학과 공지사항 게시판 링크 알려줄래?,5
1684,컴퓨터공학과 최근 공지 뭐가 있어?,5
1685,컴퓨터공학과 공지사항 이메일로 받을 수 있어?,5
1686,컴퓨터공학과 공지사항 언제 업데이트 돼?,5
1687,컴퓨터공학과 공지사항 어디에 게시돼?,5
1688,컴퓨터공학과 학과 공지 어디서 확인할 수 있어?,5
1689,컴퓨터공학과 공지 알림 받을 수 있어?,5
1690,컴퓨터공학과 공지사항 어떻게 확인해?,5
1691,컴퓨터공학과 공지사항 누가 관리해?,5
1692,컴퓨터공학과 새 공지사항 나왔어?,5
1693,컴퓨터공학과 학과 공지사항 어디서 볼 수 있어?,5
1694,컴퓨터공학과 공지사항 변경된 거 있어?,5
1695,컴퓨터공학과 공지사항 파일로 받을 수 있어?,5
1696,컴퓨터공학과 공지사항 언제 올라와?,5
1697,컴퓨터공학과 공지사항 확인 방법 알려줘.,5
1698,컴퓨터공학과 공지사항 관련 문의는 어디로 해?,5
1699,컴퓨터공학과 공지사항 업데이트 주기는 어떻게 돼?,5
1700,컴퓨터공학과 공지사항을 문자로 받을 수 있어?,5
1701,컴퓨터공학과 공지사항에 대한 피드백은 어디로 보내?,5
1702,컴퓨터공학과 공지사항을 확인하는 가장 빠른 방법은?,5
1703,컴퓨터공학과 공지사항에 누락된 내용이 있으면 어떻게 해야 해?,5
1704,컴퓨터공학과 공지사항에 대한 질문은 누구에게 해야 해?,5
1705,컴퓨터공학과 공지사항에서 중요한 항목은 어떻게 표시돼?,5
1706,컴퓨터공학과 공지사항에 대한 알림 설정은 어떻게 해?,5
1707,컴퓨터공학과 공지사항을 다른 학과와 공유할 수 있어?,5
1708,컴퓨터공학과 공지사항에 대한 자세한 내용은 어디서 찾아?,5
